Date,Funds,Portfolio,Rebalance,Buys,Sells
2021-03-25 15:19:06.451740,99.58542452,"{'AAVE-USD': 0.0, 'ADA-USD': 0.0, 'ALGO-USD': 0.0, 'ATOM-USD': 0.0, 'BAL-USD': 0.0, 'BAND-USD': 0.0, 'BCH-USD': 0.0, 'BNT-USD': 0.0, 'BTC-USD': 0.0, 'CGLD-USD': 0.0, 'COMP-USD': 0.0, 'DASH-USD': 0.0, 'EOS-USD': 0.0, 'ETC-USD': 0.0, 'ETH-USD': 0.0, 'FIL-USD': 0.5007651133724363, 'GRT-USD': 0.0, 'KNC-USD': 0.0, 'LINK-USD': 0.0, 'LRC-USD': 0.0, 'LTC-USD': 0.0, 'MATIC-USD': 0.0, 'MKR-USD': 0.0, 'NMR-USD': 0.0, 'NU-USD': 0.0, 'OMG-USD': 0.0, 'OXT-USD': 0.0, 'REN-USD': 0.0, 'REP-USD': 0.0, 'SKL-USD': 0.0, 'SNX-USD': 0.0, 'SUSHI-USD': 0.0, 'UMA-USD': 0.0, 'UNI-USD': 0.0, 'WBTC-USD': 0.0, 'XLM-USD': 0.0, 'XTZ-USD': 0.0, 'YFI-USD': 0.0, 'ZEC-USD': 0.0, 'ZRX-USD': 0.0, 'USD-USD': 0.4992348866275637}",0.0,{},{}
2021-03-25 15:34:12.675508,99.90884132,"{'AAVE-USD': 0.0, 'ADA-USD': 0.0, 'ALGO-USD': 0.0, 'ATOM-USD': 0.0, 'BAL-USD': 0.0, 'BAND-USD': 0.0, 'BCH-USD': 0.0, 'BNT-USD': 0.0, 'BTC-USD': 0.0, 'CGLD-USD': 0.0, 'COMP-USD': 0.0, 'DASH-USD': 0.0, 'EOS-USD': 0.0, 'ETC-USD': 0.0, 'ETH-USD': 0.0, 'FIL-USD': 0.5023811960669028, 'GRT-USD': 0.0, 'KNC-USD': 0.0, 'LINK-USD': 0.0, 'LRC-USD': 0.0, 'LTC-USD': 0.0, 'MATIC-USD': 0.0, 'MKR-USD': 0.0, 'NMR-USD': 0.0, 'NU-USD': 0.0, 'OMG-USD': 0.0, 'OXT-USD': 0.0, 'REN-USD': 0.0, 'REP-USD': 0.0, 'SKL-USD': 0.0, 'SNX-USD': 0.0, 'SUSHI-USD': 0.0, 'UMA-USD': 0.0, 'UNI-USD': 0.0, 'WBTC-USD': 0.0, 'XLM-USD': 0.0, 'XTZ-USD': 0.0, 'YFI-USD': 0.0, 'ZEC-USD': 0.0, 'ZRX-USD': 0.0, 'USD-USD': 0.4976188039330972}",0.0,{},{}
2021-03-25 15:47:29.364564,99.90884132,"{'AAVE-USD': 0.0, 'ADA-USD': 0.0, 'ALGO-USD': 0.0, 'ATOM-USD': 0.0, 'BAL-USD': 0.0, 'BAND-USD': 0.0, 'BCH-USD': 0.0, 'BNT-USD': 0.0, 'BTC-USD': 0.0, 'CGLD-USD': 0.0, 'COMP-USD': 0.0, 'DASH-USD': 0.0, 'EOS-USD': 0.0, 'ETC-USD': 0.0, 'ETH-USD': 0.0, 'FIL-USD': 0.5023811960669028, 'GRT-USD': 0.0, 'KNC-USD': 0.0, 'LINK-USD': 0.0, 'LRC-USD': 0.0, 'LTC-USD': 0.0, 'MATIC-USD': 0.0, 'MKR-USD': 0.0, 'NMR-USD': 0.0, 'NU-USD': 0.0, 'OMG-USD': 0.0, 'OXT-USD': 0.0, 'REN-USD': 0.0, 'REP-USD': 0.0, 'SKL-USD': 0.0, 'SNX-USD': 0.0, 'SUSHI-USD': 0.0, 'UMA-USD': 0.0, 'UNI-USD': 0.0, 'WBTC-USD': 0.0, 'XLM-USD': 0.0, 'XTZ-USD': 0.0, 'YFI-USD': 0.0, 'ZEC-USD': 0.0, 'ZRX-USD': 0.0, 'USD-USD': 0.4976188039330972}",0.0,{},{}
2021-03-25 16:41:24.426234,99.75957632,"{'AAVE-USD': 0.0, 'ADA-USD': 0.0, 'ALGO-USD': 0.0, 'ATOM-USD': 0.0, 'BAL-USD': 0.0, 'BAND-USD': 0.0, 'BCH-USD': 0.0, 'BNT-USD': 0.0, 'BTC-USD': 0.0, 'CGLD-USD': 0.0, 'COMP-USD': 0.0, 'DASH-USD': 0.0, 'EOS-USD': 0.0, 'ETC-USD': 0.0, 'ETH-USD': 0.0, 'FIL-USD': 0.5016366352587172, 'GRT-USD': 0.0, 'KNC-USD': 0.0, 'LINK-USD': 0.0, 'LRC-USD': 0.0, 'LTC-USD': 0.0, 'MATIC-USD': 0.0, 'MKR-USD': 0.0, 'NMR-USD': 0.0, 'NU-USD': 0.0, 'OMG-USD': 0.0, 'OXT-USD': 0.0, 'REN-USD': 0.0, 'REP-USD': 0.0, 'SKL-USD': 0.0, 'SNX-USD': 0.0, 'SUSHI-USD': 0.0, 'UMA-USD': 0.0, 'UNI-USD': 0.0, 'WBTC-USD': 0.0, 'XLM-USD': 0.0, 'XTZ-USD': 0.0, 'YFI-USD': 0.0, 'ZEC-USD': 0.0, 'ZRX-USD': 0.0, 'USD-USD': 0.4983633647412828}",0.0,{},{}
2021-03-25 17:48:13.093859,100.78903052,"{'AAVE-USD': 0.0, 'ADA-USD': 0.0, 'ALGO-USD': 0.0, 'ATOM-USD': 0.0, 'BAL-USD': 0.0, 'BAND-USD': 0.0, 'BCH-USD': 0.0, 'BNT-USD': 0.0, 'BTC-USD': 0.0, 'CGLD-USD': 0.0, 'COMP-USD': 0.0, 'DASH-USD': 0.0, 'EOS-USD': 0.0, 'ETC-USD': 0.0, 'ETH-USD': 0.0, 'FIL-USD': 0.5067268941520918, 'GRT-USD': 0.0, 'KNC-USD': 0.0, 'LINK-USD': 0.0, 'LRC-USD': 0.0, 'LTC-USD': 0.0, 'MATIC-USD': 0.0, 'MKR-USD': 0.0, 'NMR-USD': 0.0, 'NU-USD': 0.0, 'OMG-USD': 0.0, 'OXT-USD': 0.0, 'REN-USD': 0.0, 'REP-USD': 0.0, 'SKL-USD': 0.0, 'SNX-USD': 0.0, 'SUSHI-USD': 0.0, 'UMA-USD': 0.0, 'UNI-USD': 0.0, 'WBTC-USD': 0.0, 'XLM-USD': 0.0, 'XTZ-USD': 0.0, 'YFI-USD': 0.0, 'ZEC-USD': 0.0, 'ZRX-USD': 0.0, 'USD-USD': 0.49327310584790807}",0.0,{},{}
2021-03-25 18:48:08.016942,100.16328932000002,"{'AAVE-USD': 0.0, 'ADA-USD': 0.0, 'ALGO-USD': 0.0, 'ATOM-USD': 0.0, 'BAL-USD': 0.0, 'BAND-USD': 0.0, 'BCH-USD': 0.0, 'BNT-USD': 0.0, 'BTC-USD': 0.0, 'CGLD-USD': 0.0, 'COMP-USD': 0.0, 'DASH-USD': 0.0, 'EOS-USD': 0.0, 'ETC-USD': 0.0, 'ETH-USD': 0.0, 'FIL-USD': 0.5036453129932015, 'GRT-USD': 0.0, 'KNC-USD': 0.0, 'LINK-USD': 0.0, 'LRC-USD': 0.0, 'LTC-USD': 0.0, 'MATIC-USD': 0.0, 'MKR-USD': 0.0, 'NMR-USD': 0.0, 'NU-USD': 0.0, 'OMG-USD': 0.0, 'OXT-USD': 0.0, 'REN-USD': 0.0, 'REP-USD': 0.0, 'SKL-USD': 0.0, 'SNX-USD': 0.0, 'SUSHI-USD': 0.0, 'UMA-USD': 0.0, 'UNI-USD': 0.0, 'WBTC-USD': 0.0, 'XLM-USD': 0.0, 'XTZ-USD': 0.0, 'YFI-USD': 0.0, 'ZEC-USD': 0.0, 'ZRX-USD': 0.0, 'USD-USD': 0.4963546870067984}",0.0,{},{}
2021-03-25 19:48:07.437432,101.28827312,"{'AAVE-USD': 0.0, 'ADA-USD': 0.0, 'ALGO-USD': 0.0, 'ATOM-USD': 0.0, 'BAL-USD': 0.0, 'BAND-USD': 0.0, 'BCH-USD': 0.0, 'BNT-USD': 0.0, 'BTC-USD': 0.0, 'CGLD-USD': 0.0, 'COMP-USD': 0.0, 'DASH-USD': 0.0, 'EOS-USD': 0.0, 'ETC-USD': 0.0, 'ETH-USD': 0.0, 'FIL-USD': 0.5091582017485974, 'GRT-USD': 0.0, 'KNC-USD': 0.0, 'LINK-USD': 0.0, 'LRC-USD': 0.0, 'LTC-USD': 0.0, 'MATIC-USD': 0.0, 'MKR-USD': 0.0, 'NMR-USD': 0.0, 'NU-USD': 0.0, 'OMG-USD': 0.0, 'OXT-USD': 0.0, 'REN-USD': 0.0, 'REP-USD': 0.0, 'SKL-USD': 0.0, 'SNX-USD': 0.0, 'SUSHI-USD': 0.0, 'UMA-USD': 0.0, 'UNI-USD': 0.0, 'WBTC-USD': 0.0, 'XLM-USD': 0.0, 'XTZ-USD': 0.0, 'YFI-USD': 0.0, 'ZEC-USD': 0.0, 'ZRX-USD': 0.0, 'USD-USD': 0.4908417982514025}",0.0,{},{}
2021-03-25 20:33:35.314126,101.89582352000002,"{'AAVE-USD': 0.0, 'ADA-USD': 0.0, 'ALGO-USD': 0.0, 'ATOM-USD': 0.0, 'BAL-USD': 0.0, 'BAND-USD': 0.0, 'BCH-USD': 0.0, 'BNT-USD': 0.0, 'BTC-USD': 0.0, 'CGLD-USD': 0.0, 'COMP-USD': 0.0, 'DASH-USD': 0.0, 'EOS-USD': 0.0, 'ETC-USD': 0.0, 'ETH-USD': 0.0, 'FIL-USD': 0.5120848293625921, 'GRT-USD': 0.0, 'KNC-USD': 0.0, 'LINK-USD': 0.0, 'LRC-USD': 0.0, 'LTC-USD': 0.0, 'MATIC-USD': 0.0, 'MKR-USD': 0.0, 'NMR-USD': 0.0, 'NU-USD': 0.0, 'OMG-USD': 0.0, 'OXT-USD': 0.0, 'REN-USD': 0.0, 'REP-USD': 0.0, 'SKL-USD': 0.0, 'SNX-USD': 0.0, 'SUSHI-USD': 0.0, 'UMA-USD': 0.0, 'UNI-USD': 0.0, 'WBTC-USD': 0.0, 'XLM-USD': 0.0, 'XTZ-USD': 0.0, 'YFI-USD': 0.0, 'ZEC-USD': 0.0, 'ZRX-USD': 0.0, 'USD-USD': 0.4879151706374078}",1.0,"{'FIL-USD': 0.16073022951642313, 'REP-USD': 0.1738530016133061}",{'USD-USD': 20.647283193505018}
2021-03-25 21:05:05.861343,101.56353218075,"{'AAVE-USD': 0.0, 'ADA-USD': 0.0, 'ALGO-USD': 0.0, 'ATOM-USD': 0.0, 'BAL-USD': 0.0, 'BAND-USD': 0.0, 'BCH-USD': 0.0, 'BNT-USD': 0.0, 'BTC-USD': 0.0, 'CGLD-USD': 0.0, 'COMP-USD': 0.0, 'DASH-USD': 0.0, 'EOS-USD': 0.0, 'ETC-USD': 0.0, 'ETH-USD': 0.0, 'FIL-USD': 0.6590493207825504, 'GRT-USD': 0.0, 'KNC-USD': 0.0, 'LINK-USD': 0.0, 'LRC-USD': 0.0, 'LTC-USD': 0.0, 'MATIC-USD': 0.0, 'MKR-USD': 0.0, 'NMR-USD': 0.0, 'NU-USD': 0.0, 'OMG-USD': 0.0, 'OXT-USD': 0.0, 'REN-USD': 0.0, 'REP-USD': 0.05540986502896203, 'SKL-USD': 0.0, 'SNX-USD': 0.0, 'SUSHI-USD': 0.0, 'UMA-USD': 0.0, 'UNI-USD': 0.0, 'WBTC-USD': 0.0, 'XLM-USD': 0.0, 'XTZ-USD': 0.0, 'YFI-USD': 0.0, 'ZEC-USD': 0.0, 'ZRX-USD': 0.0, 'USD-USD': 0.2855408141884874}",0.0,{},{}
2021-03-25 22:05:08.248887,101.34252745280001,"{'AAVE-USD': 0.0, 'ADA-USD': 0.0, 'ALGO-USD': 0.0, 'ATOM-USD': 0.0, 'BAL-USD': 0.0, 'BAND-USD': 0.0, 'BCH-USD': 0.0, 'BNT-USD': 0.0, 'BTC-USD': 0.0, 'CGLD-USD': 0.0, 'COMP-USD': 0.0, 'DASH-USD': 0.0, 'EOS-USD': 0.0, 'ETC-USD': 0.0, 'ETH-USD': 0.0, 'FIL-USD': 0.914754385252296, 'GRT-USD': 0.0, 'KNC-USD': 0.0, 'LINK-USD': 0.0, 'LRC-USD': 0.0, 'LTC-USD': 0.0, 'MATIC-USD': 0.0, 'MKR-USD': 0.0, 'NMR-USD': 0.0, 'NU-USD': 0.0, 'OMG-USD': 0.0, 'OXT-USD': 0.0, 'REN-USD': 0.0, 'REP-USD': 0.0, 'SKL-USD': 0.0, 'SNX-USD': 0.0, 'SUSHI-USD': 0.0, 'UMA-USD': 0.0, 'UNI-USD': 0.0, 'WBTC-USD': 0.0, 'XLM-USD': 0.0, 'XTZ-USD': 0.0, 'YFI-USD': 0.0, 'ZEC-USD': 0.0, 'ZRX-USD': 0.0, 'USD-USD': 0.08524561474770394}",1.0,{'FIL-USD': 0.27461470979197944},"{'REP-USD': 0.17385300000000004, 'USD-USD': 20.058554320800354}"
2021-03-25 23:55:49.751250,102.1047571353,"{'AAVE-USD': 0.0, 'ADA-USD': 0.0, 'ALGO-USD': 0.0, 'ATOM-USD': 0.0, 'BAL-USD': 0.0, 'BAND-USD': 0.0, 'BCH-USD': 0.0, 'BNT-USD': 0.0, 'BTC-USD': 0.0, 'CGLD-USD': 0.0, 'COMP-USD': 0.0, 'DASH-USD': 0.0, 'EOS-USD': 0.0, 'ETC-USD': 0.0, 'ETH-USD': 0.0, 'FIL-USD': 0.8531607639452817, 'GRT-USD': 0.0, 'KNC-USD': 0.0, 'LINK-USD': 0.0, 'LRC-USD': 0.0, 'LTC-USD': 0.0, 'MATIC-USD': 0.0, 'MKR-USD': 0.0, 'NMR-USD': 0.0, 'NU-USD': 0.0, 'OMG-USD': 0.0, 'OXT-USD': 0.07702873226149504, 'REN-USD': 0.0, 'REP-USD': 0.0, 'SKL-USD': 0.0, 'SNX-USD': 0.0, 'SUSHI-USD': 0.0, 'UMA-USD': 0.0, 'UNI-USD': 0.0, 'WBTC-USD': 0.0, 'XLM-USD': 0.0, 'XTZ-USD': 0.0, 'YFI-USD': 0.0, 'ZEC-USD': 0.0, 'ZRX-USD': 0.0, 'USD-USD': 0.06981050379322326}",1.0,{'REP-USD': 0.2204758594277762},{'USD-USD': 7.127984535300004}
2021-03-26 00:55:44.048235,101.19433789250002,"{'AAVE-USD': 0.0, 'ADA-USD': 0.0, 'ALGO-USD': 0.0, 'ATOM-USD': 0.0, 'BAL-USD': 0.0, 'BAND-USD': 0.0, 'BCH-USD': 0.0, 'BNT-USD': 0.0, 'BTC-USD': 0.0, 'CGLD-USD': 0.0, 'COMP-USD': 0.0, 'DASH-USD': 0.0, 'EOS-USD': 0.0, 'ETC-USD': 0.0, 'ETH-USD': 0.0, 'FIL-USD': 0.8551501181017522, 'GRT-USD': 0.0, 'KNC-USD': 0.0, 'LINK-USD': 0.0, 'LRC-USD': 0.0, 'LTC-USD': 0.0, 'MATIC-USD': 0.0, 'MKR-USD': 0.0, 'NMR-USD': 0.0, 'NU-USD': 0.0, 'OMG-USD': 0.0, 'OXT-USD': 0.033282494555949046, 'REN-USD': 0.0, 'REP-USD': 0.08966676623388925, 'SKL-USD': 0.0, 'SNX-USD': 0.0, 'SUSHI-USD': 0.0, 'UMA-USD': 0.0, 'UNI-USD': 0.0, 'WBTC-USD': 0.0, 'XLM-USD': 0.0, 'XTZ-USD': 0.0, 'YFI-USD': 0.0, 'ZEC-USD': 0.0, 'ZRX-USD': 0.0, 'USD-USD': 0.02190062110840941}",1.0,{'REP-USD': 0.282408459304527},{'OXT-USD': 13.470581647052342}
2021-03-26 01:55:23.661373,101.19433789250002,"{'AAVE-USD': 0.0, 'ADA-USD': 0.0, 'ALGO-USD': 0.0, 'ATOM-USD': 0.0, 'BAL-USD': 0.0, 'BAND-USD': 0.0, 'BCH-USD': 0.0, 'BNT-USD': 0.0, 'BTC-USD': 0.0, 'CGLD-USD': 0.0, 'COMP-USD': 0.0, 'DASH-USD': 0.0, 'EOS-USD': 0.0, 'ETC-USD': 0.0, 'ETH-USD': 0.0, 'FIL-USD': 0.8551501181017522, 'GRT-USD': 0.0, 'KNC-USD': 0.0, 'LINK-USD': 0.0, 'LRC-USD': 0.0, 'LTC-USD': 0.0, 'MATIC-USD': 0.0, 'MKR-USD': 0.0, 'NMR-USD': 0.0, 'NU-USD': 0.0, 'OMG-USD': 0.0, 'OXT-USD': 0.033282494555949046, 'REN-USD': 0.0, 'REP-USD': 0.08966676623388925, 'SKL-USD': 0.0, 'SNX-USD': 0.0, 'SUSHI-USD': 0.0, 'UMA-USD': 0.0, 'UNI-USD': 0.0, 'WBTC-USD': 0.0, 'XLM-USD': 0.0, 'XTZ-USD': 0.0, 'YFI-USD': 0.0, 'ZEC-USD': 0.0, 'ZRX-USD': 0.0, 'USD-USD': 0.02190062110840941}",0.0,{},{}
2021-03-26 02:55:27.507749,101.3590066325,"{'AAVE-USD': 0.0, 'ADA-USD': 0.0, 'ALGO-USD': 0.0, 'ATOM-USD': 0.0, 'BAL-USD': 0.0, 'BAND-USD': 0.0, 'BCH-USD': 0.0, 'BNT-USD': 0.0, 'BTC-USD': 0.0, 'CGLD-USD': 0.0, 'COMP-USD': 0.0, 'DASH-USD': 0.0, 'EOS-USD': 0.0, 'ETC-USD': 0.0, 'ETH-USD': 0.0, 'FIL-USD': 0.85213763403543, 'GRT-USD': 0.0, 'KNC-USD': 0.0, 'LINK-USD': 0.0, 'LRC-USD': 0.0, 'LTC-USD': 0.0, 'MATIC-USD': 0.0, 'MKR-USD': 0.0, 'NMR-USD': 0.0, 'NU-USD': 0.0, 'OMG-USD': 0.0, 'OXT-USD': 0.03555678098806865, 'REN-USD': 0.0, 'REP-USD': 0.09044054381113757, 'SKL-USD': 0.0, 'SNX-USD': 0.0, 'SUSHI-USD': 0.0, 'UMA-USD': 0.0, 'UNI-USD': 0.0, 'WBTC-USD': 0.0, 'XLM-USD': 0.0, 'XTZ-USD': 0.0, 'YFI-USD': 0.0, 'ZEC-USD': 0.0, 'ZRX-USD': 0.0, 'USD-USD': 0.02186504116536385}",0.0,{},{}
2021-03-26 03:55:26.737594,102.0172002725,"{'AAVE-USD': 0.0, 'ADA-USD': 0.0, 'ALGO-USD': 0.0, 'ATOM-USD': 0.0, 'BAL-USD': 0.0, 'BAND-USD': 0.0, 'BCH-USD': 0.0, 'BNT-USD': 0.0, 'BTC-USD': 0.0, 'CGLD-USD': 0.0, 'COMP-USD': 0.0, 'DASH-USD': 0.0, 'EOS-USD': 0.0, 'ETC-USD': 0.0, 'ETH-USD': 0.0, 'FIL-USD': 0.8523421900202784, 'GRT-USD': 0.0, 'KNC-USD': 0.0, 'LINK-USD': 0.0, 'LRC-USD': 0.0, 'LTC-USD': 0.0, 'MATIC-USD': 0.0, 'MKR-USD': 0.0, 'NMR-USD': 0.0, 'NU-USD': 0.0, 'OMG-USD': 0.0, 'OXT-USD': 0.03544010216260172, 'REN-USD': 0.0, 'REP-USD': 0.09049373532443997, 'SKL-USD': 0.0, 'SNX-USD': 0.0, 'SUSHI-USD': 0.0, 'UMA-USD': 0.0, 'UNI-USD': 0.0, 'WBTC-USD': 0.0, 'XLM-USD': 0.0, 'XTZ-USD': 0.0, 'YFI-USD': 0.0, 'ZEC-USD': 0.0, 'ZRX-USD': 0.0, 'USD-USD': 0.021723972492679836}",0.0,{},{}
2021-03-26 04:55:24.982182,102.0172002725,"{'AAVE-USD': 0.0, 'ADA-USD': 0.0, 'ALGO-USD': 0.0, 'ATOM-USD': 0.0, 'BAL-USD': 0.0, 'BAND-USD': 0.0, 'BCH-USD': 0.0, 'BNT-USD': 0.0, 'BTC-USD': 0.0, 'CGLD-USD': 0.0, 'COMP-USD': 0.0, 'DASH-USD': 0.0, 'EOS-USD': 0.0, 'ETC-USD': 0.0, 'ETH-USD': 0.0, 'FIL-USD': 0.8523421900202784, 'GRT-USD': 0.0, 'KNC-USD': 0.0, 'LINK-USD': 0.0, 'LRC-USD': 0.0, 'LTC-USD': 0.0, 'MATIC-USD': 0.0, 'MKR-USD': 0.0, 'NMR-USD': 0.0, 'NU-USD': 0.0, 'OMG-USD': 0.0, 'OXT-USD': 0.03544010216260172, 'REN-USD': 0.0, 'REP-USD': 0.09049373532443997, 'SKL-USD': 0.0, 'SNX-USD': 0.0, 'SUSHI-USD': 0.0, 'UMA-USD': 0.0, 'UNI-USD': 0.0, 'WBTC-USD': 0.0, 'XLM-USD': 0.0, 'XTZ-USD': 0.0, 'YFI-USD': 0.0, 'ZEC-USD': 0.0, 'ZRX-USD': 0.0, 'USD-USD': 0.021723972492679836}",0.0,{},{}
2021-03-26 05:55:27.808963,104.3332566925,"{'AAVE-USD': 0.0, 'ADA-USD': 0.0, 'ALGO-USD': 0.0, 'ATOM-USD': 0.0, 'BAL-USD': 0.0, 'BAND-USD': 0.0, 'BCH-USD': 0.0, 'BNT-USD': 0.0, 'BTC-USD': 0.0, 'CGLD-USD': 0.0, 'COMP-USD': 0.0, 'DASH-USD': 0.0, 'EOS-USD': 0.0, 'ETC-USD': 0.0, 'ETH-USD': 0.0, 'FIL-USD': 0.7253007564311923, 'GRT-USD': 0.0, 'KNC-USD': 0.0, 'LINK-USD': 0.0, 'LRC-USD': 0.0, 'LTC-USD': 0.0, 'MATIC-USD': 0.0, 'MKR-USD': 0.0, 'NMR-USD': 0.0, 'NU-USD': 0.0, 'OMG-USD': 0.0, 'OXT-USD': 0.033512804170439996, 'REN-USD': 0.0, 'REP-USD': 0.08859316897623928, 'SKL-USD': 0.0, 'SNX-USD': 0.0, 'SUSHI-USD': 0.0, 'UMA-USD': 0.0, 'UNI-USD': 0.0, 'WBTC-USD': 0.0, 'XLM-USD': 0.0, 'XTZ-USD': 0.0, 'YFI-USD': 0.0, 'ZEC-USD': 0.0, 'ZRX-USD': 0.0, 'USD-USD': 0.1525932704221285}",1.0,{'USD-USD': 13.420016020241274},{'FIL-USD': 0.1399230113673368}
2021-03-26 06:55:47.231809,107.3958834555,"{'AAVE-USD': 0.0, 'ADA-USD': 0.0, 'ALGO-USD': 0.0, 'ATOM-USD': 0.0, 'BAL-USD': 0.0, 'BAND-USD': 0.0, 'BCH-USD': 0.0, 'BNT-USD': 0.0, 'BTC-USD': 0.0, 'CGLD-USD': 0.0, 'COMP-USD': 0.0, 'DASH-USD': 0.0, 'EOS-USD': 0.0, 'ETC-USD': 0.0, 'ETH-USD': 0.0, 'FIL-USD': 0.8911460795390355, 'GRT-USD': 0.0, 'KNC-USD': 0.0, 'LINK-USD': 0.0, 'LRC-USD': 0.0, 'LTC-USD': 0.0, 'MATIC-USD': 0.0, 'MKR-USD': 0.0, 'NMR-USD': 0.0, 'NU-USD': 0.0, 'OMG-USD': 0.0, 'OXT-USD': 0.03181220629760584, 'REN-USD': 0.0, 'REP-USD': 0.01059187636806711, 'SKL-USD': 0.0, 'SNX-USD': 0.0, 'SUSHI-USD': 0.0, 'UMA-USD': 0.0, 'UNI-USD': 0.0, 'WBTC-USD': 0.0, 'XLM-USD': 0.0, 'XTZ-USD': 0.0, 'YFI-USD': 0.0, 'ZEC-USD': 0.0, 'ZRX-USD': 0.0, 'USD-USD': 0.06644983779529144}",1.0,{'FIL-USD': 0.1656292785327202},{'REP-USD': 0.5148435084083253}
2021-03-26 07:55:26.666318,106.6545184755,"{'AAVE-USD': 0.0, 'ADA-USD': 0.0, 'ALGO-USD': 0.0, 'ATOM-USD': 0.0, 'BAL-USD': 0.0, 'BAND-USD': 0.0, 'BCH-USD': 0.0, 'BNT-USD': 0.0, 'BTC-USD': 0.0, 'CGLD-USD': 0.0, 'COMP-USD': 0.0, 'DASH-USD': 0.0, 'EOS-USD': 0.0, 'ETC-USD': 0.0, 'ETH-USD': 0.0, 'FIL-USD': 0.8903061385234466, 'GRT-USD': 0.0, 'KNC-USD': 0.0, 'LINK-USD': 0.0, 'LRC-USD': 0.0, 'LTC-USD': 0.0, 'MATIC-USD': 0.0, 'MKR-USD': 0.0, 'NMR-USD': 0.0, 'NU-USD': 0.0, 'OMG-USD': 0.0, 'OXT-USD': 0.03213647250010644, 'REN-USD': 0.0, 'REP-USD': 0.01064565248832677, 'SKL-USD': 0.0, 'SNX-USD': 0.0, 'SUSHI-USD': 0.0, 'UMA-USD': 0.0, 'UNI-USD': 0.0, 'WBTC-USD': 0.0, 'XLM-USD': 0.0, 'XTZ-USD': 0.0, 'YFI-USD': 0.0, 'ZEC-USD': 0.0, 'ZRX-USD': 0.0, 'USD-USD': 0.06691173648812017}",0.0,{},{}
2021-03-26 08:55:38.826569,108.5802829055,"{'AAVE-USD': 0.0, 'ADA-USD': 0.0, 'ALGO-USD': 0.0, 'ATOM-USD': 0.0, 'BAL-USD': 0.0, 'BAND-USD': 0.0, 'BCH-USD': 0.0, 'BNT-USD': 0.0, 'BTC-USD': 0.0, 'CGLD-USD': 0.0, 'COMP-USD': 0.0, 'DASH-USD': 0.0, 'EOS-USD': 0.0, 'ETC-USD': 0.0, 'ETH-USD': 0.0, 'FIL-USD': 0.8901802879268792, 'GRT-USD': 0.0, 'KNC-USD': 0.0, 'LINK-USD': 0.0, 'LRC-USD': 0.0, 'LTC-USD': 0.0, 'MATIC-USD': 0.0, 'MKR-USD': 0.0, 'NMR-USD': 0.0, 'NU-USD': 0.0, 'OMG-USD': 0.0, 'OXT-USD': 0.03356963071437501, 'REN-USD': 0.0, 'REP-USD': 0.010525081897185885, 'SKL-USD': 0.0, 'SNX-USD': 0.0, 'SUSHI-USD': 0.0, 'UMA-USD': 0.0, 'UNI-USD': 0.0, 'WBTC-USD': 0.0, 'XLM-USD': 0.0, 'XTZ-USD': 0.0, 'YFI-USD': 0.0, 'ZEC-USD': 0.0, 'ZRX-USD': 0.0, 'USD-USD': 0.06572499946155981}",0.0,{},{}
2021-03-26 09:11:52.291377,108.98432891549999,"{'AAVE-USD': 0.0, 'ADA-USD': 0.0, 'ALGO-USD': 0.0, 'ATOM-USD': 0.0, 'BAL-USD': 0.0, 'BAND-USD': 0.0, 'BCH-USD': 0.0, 'BNT-USD': 0.0, 'BTC-USD': 0.0, 'CGLD-USD': 0.0, 'COMP-USD': 0.0, 'DASH-USD': 0.0, 'EOS-USD': 0.0, 'ETC-USD': 0.0, 'ETH-USD': 0.0, 'FIL-USD': 0.8907347777978896, 'GRT-USD': 0.0, 'KNC-USD': 0.0, 'LINK-USD': 0.0, 'LRC-USD': 0.0, 'LTC-USD': 0.0, 'MATIC-USD': 0.0, 'MKR-USD': 0.0, 'NMR-USD': 0.0, 'NU-USD': 0.0, 'OMG-USD': 0.0, 'OXT-USD': 0.03330754096595381, 'REN-USD': 0.0, 'REP-USD': 0.01047634913534451, 'SKL-USD': 0.0, 'SNX-USD': 0.0, 'SUSHI-USD': 0.0, 'UMA-USD': 0.0, 'UNI-USD': 0.0, 'WBTC-USD': 0.0, 'XLM-USD': 0.0, 'XTZ-USD': 0.0, 'YFI-USD': 0.0, 'ZEC-USD': 0.0, 'ZRX-USD': 0.0, 'USD-USD': 0.06548133210081214}",0.0,{},{}
2021-03-26 10:11:46.768855,110.6594063555,"{'AAVE-USD': 0.0, 'ADA-USD': 0.0, 'ALGO-USD': 0.0, 'ATOM-USD': 0.0, 'BAL-USD': 0.0, 'BAND-USD': 0.0, 'BCH-USD': 0.0, 'BNT-USD': 0.0, 'BTC-USD': 0.0, 'CGLD-USD': 0.0, 'COMP-USD': 0.0, 'DASH-USD': 0.0, 'EOS-USD': 0.0, 'ETC-USD': 0.0, 'ETH-USD': 0.0, 'FIL-USD': 0.892350711540683, 'GRT-USD': 0.0, 'KNC-USD': 0.0, 'LINK-USD': 0.0, 'LRC-USD': 0.0, 'LTC-USD': 0.0, 'MATIC-USD': 0.0, 'MKR-USD': 0.0, 'NMR-USD': 0.0, 'NU-USD': 0.0, 'OMG-USD': 0.0, 'OXT-USD': 0.03294342632101795, 'REN-USD': 0.0, 'REP-USD': 0.010215736350223185, 'SKL-USD': 0.0, 'SNX-USD': 0.0, 'SUSHI-USD': 0.0, 'UMA-USD': 0.0, 'UNI-USD': 0.0, 'WBTC-USD': 0.0, 'XLM-USD': 0.0, 'XTZ-USD': 0.0, 'YFI-USD': 0.0, 'ZEC-USD': 0.0, 'ZRX-USD': 0.0, 'USD-USD': 0.06449012578807589}",0.0,{},{}
2021-03-26 11:11:46.733029,115.1083126355,"{'AAVE-USD': 0.0, 'ADA-USD': 0.0, 'ALGO-USD': 0.0, 'ATOM-USD': 0.0, 'BAL-USD': 0.0, 'BAND-USD': 0.0, 'BCH-USD': 0.0, 'BNT-USD': 0.0, 'BTC-USD': 0.0, 'CGLD-USD': 0.0, 'COMP-USD': 0.0, 'DASH-USD': 0.0, 'EOS-USD': 0.0, 'ETC-USD': 0.0, 'ETH-USD': 0.0, 'FIL-USD': 0.896475316485311, 'GRT-USD': 0.0, 'KNC-USD': 0.0, 'LINK-USD': 0.0, 'LRC-USD': 0.0, 'LTC-USD': 0.0, 'MATIC-USD': 0.0, 'MKR-USD': 0.0, 'NMR-USD': 0.0, 'NU-USD': 0.0, 'OMG-USD': 0.0, 'OXT-USD': 0.03165714027568997, 'REN-USD': 0.0, 'REP-USD': 0.009869944003067743, 'SKL-USD': 0.0, 'SNX-USD': 0.0, 'SUSHI-USD': 0.0, 'UMA-USD': 0.0, 'UNI-USD': 0.0, 'WBTC-USD': 0.0, 'XLM-USD': 0.0, 'XTZ-USD': 0.0, 'YFI-USD': 0.0, 'ZEC-USD': 0.0, 'ZRX-USD': 0.0, 'USD-USD': 0.06199759923593116}",0.0,{},{}
2021-03-26 12:11:49.039093,121.9074113855,"{'AAVE-USD': 0.0, 'ADA-USD': 0.0, 'ALGO-USD': 0.0, 'ATOM-USD': 0.0, 'BAL-USD': 0.0, 'BAND-USD': 0.0, 'BCH-USD': 0.0, 'BNT-USD': 0.0, 'BTC-USD': 0.0, 'CGLD-USD': 0.0, 'COMP-USD': 0.0, 'DASH-USD': 0.0, 'EOS-USD': 0.0, 'ETC-USD': 0.0, 'ETH-USD': 0.0, 'FIL-USD': 0.9018639330494144, 'GRT-USD': 0.0, 'KNC-USD': 0.0, 'LINK-USD': 0.0, 'LRC-USD': 0.0, 'LTC-USD': 0.0, 'MATIC-USD': 0.0, 'MKR-USD': 0.0, 'NMR-USD': 0.0, 'NU-USD': 0.0, 'OMG-USD': 0.0, 'OXT-USD': 0.030059698244366672, 'REN-USD': 0.0, 'REP-USD': 0.009536539549048944, 'SKL-USD': 0.0, 'SNX-USD': 0.0, 'SUSHI-USD': 0.0, 'UMA-USD': 0.0, 'UNI-USD': 0.0, 'WBTC-USD': 0.0, 'XLM-USD': 0.0, 'XTZ-USD': 0.0, 'YFI-USD': 0.0, 'ZEC-USD': 0.0, 'ZRX-USD': 0.0, 'USD-USD': 0.05853982915716991}",0.0,{},{}
2021-03-26 13:11:46.819570,123.0328752155,"{'AAVE-USD': 0.0, 'ADA-USD': 0.0, 'ALGO-USD': 0.0, 'ATOM-USD': 0.0, 'BAL-USD': 0.0, 'BAND-USD': 0.0, 'BCH-USD': 0.0, 'BNT-USD': 0.0, 'BTC-USD': 0.0, 'CGLD-USD': 0.0, 'COMP-USD': 0.0, 'DASH-USD': 0.0, 'EOS-USD': 0.0, 'ETC-USD': 0.0, 'ETH-USD': 0.0, 'FIL-USD': 0.9037474724153395, 'GRT-USD': 0.0, 'KNC-USD': 0.0, 'LINK-USD': 0.0, 'LRC-USD': 0.0, 'LTC-USD': 0.0, 'MATIC-USD': 0.0, 'MKR-USD': 0.0, 'NMR-USD': 0.0, 'NU-USD': 0.0, 'OMG-USD': 0.0, 'OXT-USD': 0.028939419596295337, 'REN-USD': 0.0, 'REP-USD': 0.009308781721909347, 'SKL-USD': 0.0, 'SNX-USD': 0.0, 'SUSHI-USD': 0.0, 'UMA-USD': 0.0, 'UNI-USD': 0.0, 'WBTC-USD': 0.0, 'XLM-USD': 0.0, 'XTZ-USD': 0.0, 'YFI-USD': 0.0, 'ZEC-USD': 0.0, 'ZRX-USD': 0.0, 'USD-USD': 0.05800432626645575}",0.0,{},{}
2021-03-26 14:11:45.856799,121.15297049549999,"{'AAVE-USD': 0.0, 'ADA-USD': 0.0, 'ALGO-USD': 0.0, 'ATOM-USD': 0.0, 'BAL-USD': 0.0, 'BAND-USD': 0.0, 'BCH-USD': 0.0, 'BNT-USD': 0.0, 'BTC-USD': 0.0, 'CGLD-USD': 0.0, 'COMP-USD': 0.0, 'DASH-USD': 0.0, 'EOS-USD': 0.0, 'ETC-USD': 0.0, 'ETH-USD': 0.0, 'FIL-USD': 0.9027149689578781, 'GRT-USD': 0.0, 'KNC-USD': 0.0, 'LINK-USD': 0.0, 'LRC-USD': 0.0, 'LTC-USD': 0.0, 'MATIC-USD': 0.0, 'MKR-USD': 0.0, 'NMR-USD': 0.0, 'NU-USD': 0.0, 'OMG-USD': 0.0, 'OXT-USD': 0.028880843661443396, 'REN-USD': 0.0, 'REP-USD': 0.009499820394769019, 'SKL-USD': 0.0, 'SNX-USD': 0.0, 'SUSHI-USD': 0.0, 'UMA-USD': 0.0, 'UNI-USD': 0.0, 'WBTC-USD': 0.0, 'XLM-USD': 0.0, 'XTZ-USD': 0.0, 'YFI-USD': 0.0, 'ZEC-USD': 0.0, 'ZRX-USD': 0.0, 'USD-USD': 0.05890436698590952}",0.0,{},{}
2021-03-26 15:11:46.798528,121.8070142955,"{'AAVE-USD': 0.0, 'ADA-USD': 0.0, 'ALGO-USD': 0.0, 'ATOM-USD': 0.0, 'BAL-USD': 0.0, 'BAND-USD': 0.0, 'BCH-USD': 0.0, 'BNT-USD': 0.0, 'BTC-USD': 0.0, 'CGLD-USD': 0.0, 'COMP-USD': 0.0, 'DASH-USD': 0.0, 'EOS-USD': 0.0, 'ETC-USD': 0.0, 'ETH-USD': 0.0, 'FIL-USD': 0.9027609463707413, 'GRT-USD': 0.0, 'KNC-USD': 0.0, 'LINK-USD': 0.0, 'LRC-USD': 0.0, 'LTC-USD': 0.0, 'MATIC-USD': 0.0, 'MKR-USD': 0.0, 'NMR-USD': 0.0, 'NU-USD': 0.0, 'OMG-USD': 0.0, 'OXT-USD': 0.02917319680276639, 'REN-USD': 0.0, 'REP-USD': 0.009477777340468398, 'SKL-USD': 0.0, 'SNX-USD': 0.0, 'SUSHI-USD': 0.0, 'UMA-USD': 0.0, 'UNI-USD': 0.0, 'WBTC-USD': 0.0, 'XLM-USD': 0.0, 'XTZ-USD': 0.0, 'YFI-USD': 0.0, 'ZEC-USD': 0.0, 'ZRX-USD': 0.0, 'USD-USD': 0.058588079486023875}",0.0,{},{}
2021-03-26 16:11:46.705161,121.66862462549999,"{'AAVE-USD': 0.0, 'ADA-USD': 0.0, 'ALGO-USD': 0.0, 'ATOM-USD': 0.0, 'BAL-USD': 0.0, 'BAND-USD': 0.0, 'BCH-USD': 0.0, 'BNT-USD': 0.0, 'BTC-USD': 0.0, 'CGLD-USD': 0.0, 'COMP-USD': 0.0, 'DASH-USD': 0.0, 'EOS-USD': 0.0, 'ETC-USD': 0.0, 'ETH-USD': 0.0, 'FIL-USD': 0.9023474485548687, 'GRT-USD': 0.0, 'KNC-USD': 0.0, 'LINK-USD': 0.0, 'LRC-USD': 0.0, 'LTC-USD': 0.0, 'MATIC-USD': 0.0, 'MKR-USD': 0.0, 'NMR-USD': 0.0, 'NU-USD': 0.0, 'OMG-USD': 0.0, 'OXT-USD': 0.02950637447452157, 'REN-USD': 0.0, 'REP-USD': 0.009491457584521489, 'SKL-USD': 0.0, 'SNX-USD': 0.0, 'SUSHI-USD': 0.0, 'UMA-USD': 0.0, 'UNI-USD': 0.0, 'WBTC-USD': 0.0, 'XLM-USD': 0.0, 'XTZ-USD': 0.0, 'YFI-USD': 0.0, 'ZEC-USD': 0.0, 'ZRX-USD': 0.0, 'USD-USD': 0.05865471938608817}",0.0,{},{}
2021-03-26 17:11:48.433731,122.2711377785,"{'AAVE-USD': 0.0, 'ADA-USD': 0.0, 'ALGO-USD': 0.0, 'ATOM-USD': 0.0, 'BAL-USD': 0.0, 'BAND-USD': 0.0, 'BCH-USD': 0.0, 'BNT-USD': 0.0, 'BTC-USD': 0.0, 'CGLD-USD': 0.0, 'COMP-USD': 0.0, 'DASH-USD': 0.0, 'EOS-USD': 0.0, 'ETC-USD': 0.0, 'ETH-USD': 0.0, 'FIL-USD': 0.7268844472601941, 'GRT-USD': 0.0, 'KNC-USD': 0.0, 'LINK-USD': 0.0, 'LRC-USD': 0.0, 'LTC-USD': 0.0, 'MATIC-USD': 0.0, 'MKR-USD': 0.0, 'NMR-USD': 0.0, 'NU-USD': 0.0, 'OMG-USD': 0.0, 'OXT-USD': 0.02903383467675744, 'REN-USD': 0.0, 'REP-USD': 0.009609167963484815, 'SKL-USD': 0.0, 'SNX-USD': 0.0, 'SUSHI-USD': 0.0, 'UMA-USD': 0.0, 'UNI-USD': 0.0, 'WBTC-USD': 0.0, 'XLM-USD': 0.0, 'XTZ-USD': 0.0, 'YFI-USD': 0.0, 'ZEC-USD': 0.0, 'ZRX-USD': 0.0, 'USD-USD': 0.23447255009956375}",1.0,{'USD-USD': 21.954114493990584},{'FIL-USD': 0.18921491383923614}
2021-03-26 18:11:45.722630,123.2458159085,"{'AAVE-USD': 0.0, 'ADA-USD': 0.0, 'ALGO-USD': 0.0, 'ATOM-USD': 0.0, 'BAL-USD': 0.0, 'BAND-USD': 0.0, 'BCH-USD': 0.0, 'BNT-USD': 0.0, 'BTC-USD': 0.0, 'CGLD-USD': 0.0, 'COMP-USD': 0.0, 'DASH-USD': 0.0, 'EOS-USD': 0.0, 'ETC-USD': 0.0, 'ETH-USD': 0.0, 'FIL-USD': 0.7289646414179307, 'GRT-USD': 0.0, 'KNC-USD': 0.0, 'LINK-USD': 0.0, 'LRC-USD': 0.0, 'LTC-USD': 0.0, 'MATIC-USD': 0.0, 'MKR-USD': 0.0, 'NMR-USD': 0.0, 'NU-USD': 0.0, 'OMG-USD': 0.0, 'OXT-USD': 0.0289097035362664, 'REN-USD': 0.0, 'REP-USD': 0.009507409410717262, 'SKL-USD': 0.0, 'SNX-USD': 0.0, 'SUSHI-USD': 0.0, 'UMA-USD': 0.0, 'UNI-USD': 0.0, 'WBTC-USD': 0.0, 'XLM-USD': 0.0, 'XTZ-USD': 0.0, 'YFI-USD': 0.0, 'ZEC-USD': 0.0, 'ZRX-USD': 0.0, 'USD-USD': 0.23261824563508565}",0.0,{},{}
2021-03-26 19:11:45.072245,127.6272302185,"{'AAVE-USD': 0.0, 'ADA-USD': 0.0, 'ALGO-USD': 0.0, 'ATOM-USD': 0.0, 'BAL-USD': 0.0, 'BAND-USD': 0.0, 'BCH-USD': 0.0, 'BNT-USD': 0.0, 'BTC-USD': 0.0, 'CGLD-USD': 0.0, 'COMP-USD': 0.0, 'DASH-USD': 0.0, 'EOS-USD': 0.0, 'ETC-USD': 0.0, 'ETH-USD': 0.0, 'FIL-USD': 0.7376728683903778, 'GRT-USD': 0.0, 'KNC-USD': 0.0, 'LINK-USD': 0.0, 'LRC-USD': 0.0, 'LTC-USD': 0.0, 'MATIC-USD': 0.0, 'MKR-USD': 0.0, 'NMR-USD': 0.0, 'NU-USD': 0.0, 'OMG-USD': 0.0, 'OXT-USD': 0.02835601770722604, 'REN-USD': 0.0, 'REP-USD': 0.009338600688579671, 'SKL-USD': 0.0, 'SNX-USD': 0.0, 'SUSHI-USD': 0.0, 'UMA-USD': 0.0, 'UNI-USD': 0.0, 'WBTC-USD': 0.0, 'XLM-USD': 0.0, 'XTZ-USD': 0.0, 'YFI-USD': 0.0, 'ZEC-USD': 0.0, 'ZRX-USD': 0.0, 'USD-USD': 0.2246325132138165}",0.0,{},{}
2021-03-26 20:11:44.920652,128.5538631185,"{'AAVE-USD': 0.0, 'ADA-USD': 0.0, 'ALGO-USD': 0.0, 'ATOM-USD': 0.0, 'BAL-USD': 0.0, 'BAND-USD': 0.0, 'BCH-USD': 0.0, 'BNT-USD': 0.0, 'BTC-USD': 0.0, 'CGLD-USD': 0.0, 'COMP-USD': 0.0, 'DASH-USD': 0.0, 'EOS-USD': 0.0, 'ETC-USD': 0.0, 'ETH-USD': 0.0, 'FIL-USD': 0.7396149792274669, 'GRT-USD': 0.0, 'KNC-USD': 0.0, 'LINK-USD': 0.0, 'LRC-USD': 0.0, 'LTC-USD': 0.0, 'MATIC-USD': 0.0, 'MKR-USD': 0.0, 'NMR-USD': 0.0, 'NU-USD': 0.0, 'OMG-USD': 0.0, 'OXT-USD': 0.028182739220060198, 'REN-USD': 0.0, 'REP-USD': 0.009188948595897965, 'SKL-USD': 0.0, 'SNX-USD': 0.0, 'SUSHI-USD': 0.0, 'UMA-USD': 0.0, 'UNI-USD': 0.0, 'WBTC-USD': 0.0, 'XLM-USD': 0.0, 'XTZ-USD': 0.0, 'YFI-USD': 0.0, 'ZEC-USD': 0.0, 'ZRX-USD': 0.0, 'USD-USD': 0.22301333295657494}",0.0,{},{}
2021-03-26 21:11:45.248285,128.5538631185,"{'AAVE-USD': 0.0, 'ADA-USD': 0.0, 'ALGO-USD': 0.0, 'ATOM-USD': 0.0, 'BAL-USD': 0.0, 'BAND-USD': 0.0, 'BCH-USD': 0.0, 'BNT-USD': 0.0, 'BTC-USD': 0.0, 'CGLD-USD': 0.0, 'COMP-USD': 0.0, 'DASH-USD': 0.0, 'EOS-USD': 0.0, 'ETC-USD': 0.0, 'ETH-USD': 0.0, 'FIL-USD': 0.7396149792274669, 'GRT-USD': 0.0, 'KNC-USD': 0.0, 'LINK-USD': 0.0, 'LRC-USD': 0.0, 'LTC-USD': 0.0, 'MATIC-USD': 0.0, 'MKR-USD': 0.0, 'NMR-USD': 0.0, 'NU-USD': 0.0, 'OMG-USD': 0.0, 'OXT-USD': 0.028182739220060198, 'REN-USD': 0.0, 'REP-USD': 0.009188948595897965, 'SKL-USD': 0.0, 'SNX-USD': 0.0, 'SUSHI-USD': 0.0, 'UMA-USD': 0.0, 'UNI-USD': 0.0, 'WBTC-USD': 0.0, 'XLM-USD': 0.0, 'XTZ-USD': 0.0, 'YFI-USD': 0.0, 'ZEC-USD': 0.0, 'ZRX-USD': 0.0, 'USD-USD': 0.22301333295657494}",0.0,{},{}
2021-03-26 22:11:48.603594,135.92961165100002,"{'AAVE-USD': 0.0, 'ADA-USD': 0.0, 'ALGO-USD': 0.0, 'ATOM-USD': 0.0, 'BAL-USD': 0.0, 'BAND-USD': 0.0, 'BCH-USD': 0.0, 'BNT-USD': 0.0, 'BTC-USD': 0.0, 'CGLD-USD': 0.0, 'COMP-USD': 0.0, 'DASH-USD': 0.0, 'EOS-USD': 0.0, 'ETC-USD': 0.0, 'ETH-USD': 0.0, 'FIL-USD': 0.9418414938806909, 'GRT-USD': 0.0, 'KNC-USD': 0.0, 'LINK-USD': 0.0, 'LRC-USD': 0.0, 'LTC-USD': 0.0, 'MATIC-USD': 0.0, 'MKR-USD': 0.0, 'NMR-USD': 0.0, 'NU-USD': 0.0, 'OMG-USD': 0.0, 'OXT-USD': 0.026425441494105636, 'REN-USD': 0.0, 'REP-USD': 0.008560558114354322, 'SKL-USD': 0.0, 'SNX-USD': 0.0, 'SUSHI-USD': 0.0, 'UMA-USD': 0.0, 'UNI-USD': 0.0, 'WBTC-USD': 0.0, 'XLM-USD': 0.0, 'XTZ-USD': 0.0, 'YFI-USD': 0.0, 'ZEC-USD': 0.0, 'ZRX-USD': 0.0, 'USD-USD': 0.023172506510849195}",1.0,{'FIL-USD': 0.18875155017000378},{'USD-USD': 25.303409935675145}
2021-03-26 23:11:47.974932,133.271079919,"{'AAVE-USD': 0.0, 'ADA-USD': 0.0, 'ALGO-USD': 0.0, 'ATOM-USD': 0.0, 'BAL-USD': 0.0, 'BAND-USD': 0.0, 'BCH-USD': 0.0, 'BNT-USD': 0.0, 'BTC-USD': 0.0, 'CGLD-USD': 0.0, 'COMP-USD': 0.0, 'DASH-USD': 0.0, 'EOS-USD': 0.0, 'ETC-USD': 0.0, 'ETH-USD': 0.0, 'FIL-USD': 0.7029232317839458, 'GRT-USD': 0.0, 'KNC-USD': 0.0, 'LINK-USD': 0.0, 'LRC-USD': 0.0, 'LTC-USD': 0.0, 'MATIC-USD': 0.0, 'MKR-USD': 0.0, 'NMR-USD': 0.0, 'NU-USD': 0.0, 'OMG-USD': 0.0, 'OXT-USD': 0.026562402001631225, 'REN-USD': 0.0, 'REP-USD': 0.008911354066627356, 'SKL-USD': 0.0, 'SNX-USD': 0.0, 'SUSHI-USD': 0.0, 'UMA-USD': 0.0, 'UNI-USD': 0.0, 'WBTC-USD': 0.0, 'XLM-USD': 0.0, 'XTZ-USD': 0.0, 'YFI-USD': 0.0, 'ZEC-USD': 0.0, 'ZRX-USD': 0.0, 'USD-USD': 0.2616030121477957}",1.0,{'USD-USD': 32.83407990427757},{'FIL-USD': 0.24779951415502469}
2021-03-27 00:11:43.518139,129.83903383900002,"{'AAVE-USD': 0.0, 'ADA-USD': 0.0, 'ALGO-USD': 0.0, 'ATOM-USD': 0.0, 'BAL-USD': 0.0, 'BAND-USD': 0.0, 'BCH-USD': 0.0, 'BNT-USD': 0.0, 'BTC-USD': 0.0, 'CGLD-USD': 0.0, 'COMP-USD': 0.0, 'DASH-USD': 0.0, 'EOS-USD': 0.0, 'ETC-USD': 0.0, 'ETH-USD': 0.0, 'FIL-USD': 0.6948864153739521, 'GRT-USD': 0.0, 'KNC-USD': 0.0, 'LINK-USD': 0.0, 'LRC-USD': 0.0, 'LTC-USD': 0.0, 'MATIC-USD': 0.0, 'MKR-USD': 0.0, 'NMR-USD': 0.0, 'NU-USD': 0.0, 'OMG-USD': 0.0, 'OXT-USD': 0.027437819696174637, 'REN-USD': 0.0, 'REP-USD': 0.00915777840332979, 'SKL-USD': 0.0, 'SNX-USD': 0.0, 'SUSHI-USD': 0.0, 'UMA-USD': 0.0, 'UNI-USD': 0.0, 'WBTC-USD': 0.0, 'XLM-USD': 0.0, 'XTZ-USD': 0.0, 'YFI-USD': 0.0, 'ZEC-USD': 0.0, 'ZRX-USD': 0.0, 'USD-USD': 0.26851798652654324}",0.0,{},{}
2021-03-27 01:11:41.548942,130.663784459,"{'AAVE-USD': 0.0, 'ADA-USD': 0.0, 'ALGO-USD': 0.0, 'ATOM-USD': 0.0, 'BAL-USD': 0.0, 'BAND-USD': 0.0, 'BCH-USD': 0.0, 'BNT-USD': 0.0, 'BTC-USD': 0.0, 'CGLD-USD': 0.0, 'COMP-USD': 0.0, 'DASH-USD': 0.0, 'EOS-USD': 0.0, 'ETC-USD': 0.0, 'ETH-USD': 0.0, 'FIL-USD': 0.6970804027842948, 'GRT-USD': 0.0, 'KNC-USD': 0.0, 'LINK-USD': 0.0, 'LRC-USD': 0.0, 'LTC-USD': 0.0, 'MATIC-USD': 0.0, 'MKR-USD': 0.0, 'NMR-USD': 0.0, 'NU-USD': 0.0, 'OMG-USD': 0.0, 'OXT-USD': 0.026931716501018693, 'REN-USD': 0.0, 'REP-USD': 0.009164781388799862, 'SKL-USD': 0.0, 'SNX-USD': 0.0, 'SUSHI-USD': 0.0, 'UMA-USD': 0.0, 'UNI-USD': 0.0, 'WBTC-USD': 0.0, 'XLM-USD': 0.0, 'XTZ-USD': 0.0, 'YFI-USD': 0.0, 'ZEC-USD': 0.0, 'ZRX-USD': 0.0, 'USD-USD': 0.26682309932588666}",0.0,{},{}
2021-03-27 02:11:42.960432,130.663784459,"{'AAVE-USD': 0.0, 'ADA-USD': 0.0, 'ALGO-USD': 0.0, 'ATOM-USD': 0.0, 'BAL-USD': 0.0, 'BAND-USD': 0.0, 'BCH-USD': 0.0, 'BNT-USD': 0.0, 'BTC-USD': 0.0, 'CGLD-USD': 0.0, 'COMP-USD': 0.0, 'DASH-USD': 0.0, 'EOS-USD': 0.0, 'ETC-USD': 0.0, 'ETH-USD': 0.0, 'FIL-USD': 0.6970804027842948, 'GRT-USD': 0.0, 'KNC-USD': 0.0, 'LINK-USD': 0.0, 'LRC-USD': 0.0, 'LTC-USD': 0.0, 'MATIC-USD': 0.0, 'MKR-USD': 0.0, 'NMR-USD': 0.0, 'NU-USD': 0.0, 'OMG-USD': 0.0, 'OXT-USD': 0.026931716501018693, 'REN-USD': 0.0, 'REP-USD': 0.009164781388799862, 'SKL-USD': 0.0, 'SNX-USD': 0.0, 'SUSHI-USD': 0.0, 'UMA-USD': 0.0, 'UNI-USD': 0.0, 'WBTC-USD': 0.0, 'XLM-USD': 0.0, 'XTZ-USD': 0.0, 'YFI-USD': 0.0, 'ZEC-USD': 0.0, 'ZRX-USD': 0.0, 'USD-USD': 0.26682309932588666}",0.0,{},{}
2021-03-27 03:11:43.834008,130.663784459,"{'AAVE-USD': 0.0, 'ADA-USD': 0.0, 'ALGO-USD': 0.0, 'ATOM-USD': 0.0, 'BAL-USD': 0.0, 'BAND-USD': 0.0, 'BCH-USD': 0.0, 'BNT-USD': 0.0, 'BTC-USD': 0.0, 'CGLD-USD': 0.0, 'COMP-USD': 0.0, 'DASH-USD': 0.0, 'EOS-USD': 0.0, 'ETC-USD': 0.0, 'ETH-USD': 0.0, 'FIL-USD': 0.6970804027842948, 'GRT-USD': 0.0, 'KNC-USD': 0.0, 'LINK-USD': 0.0, 'LRC-USD': 0.0, 'LTC-USD': 0.0, 'MATIC-USD': 0.0, 'MKR-USD': 0.0, 'NMR-USD': 0.0, 'NU-USD': 0.0, 'OMG-USD': 0.0, 'OXT-USD': 0.026931716501018693, 'REN-USD': 0.0, 'REP-USD': 0.009164781388799862, 'SKL-USD': 0.0, 'SNX-USD': 0.0, 'SUSHI-USD': 0.0, 'UMA-USD': 0.0, 'UNI-USD': 0.0, 'WBTC-USD': 0.0, 'XLM-USD': 0.0, 'XTZ-USD': 0.0, 'YFI-USD': 0.0, 'ZEC-USD': 0.0, 'ZRX-USD': 0.0, 'USD-USD': 0.26682309932588666}",0.0,{},{}
2021-03-27 04:11:42.894527,130.663784459,"{'AAVE-USD': 0.0, 'ADA-USD': 0.0, 'ALGO-USD': 0.0, 'ATOM-USD': 0.0, 'BAL-USD': 0.0, 'BAND-USD': 0.0, 'BCH-USD': 0.0, 'BNT-USD': 0.0, 'BTC-USD': 0.0, 'CGLD-USD': 0.0, 'COMP-USD': 0.0, 'DASH-USD': 0.0, 'EOS-USD': 0.0, 'ETC-USD': 0.0, 'ETH-USD': 0.0, 'FIL-USD': 0.6970804027842948, 'GRT-USD': 0.0, 'KNC-USD': 0.0, 'LINK-USD': 0.0, 'LRC-USD': 0.0, 'LTC-USD': 0.0, 'MATIC-USD': 0.0, 'MKR-USD': 0.0, 'NMR-USD': 0.0, 'NU-USD': 0.0, 'OMG-USD': 0.0, 'OXT-USD': 0.026931716501018693, 'REN-USD': 0.0, 'REP-USD': 0.009164781388799862, 'SKL-USD': 0.0, 'SNX-USD': 0.0, 'SUSHI-USD': 0.0, 'UMA-USD': 0.0, 'UNI-USD': 0.0, 'WBTC-USD': 0.0, 'XLM-USD': 0.0, 'XTZ-USD': 0.0, 'YFI-USD': 0.0, 'ZEC-USD': 0.0, 'ZRX-USD': 0.0, 'USD-USD': 0.26682309932588666}",0.0,{},{}
2021-03-27 05:11:42.374732,130.663784459,"{'AAVE-USD': 0.0, 'ADA-USD': 0.0, 'ALGO-USD': 0.0, 'ATOM-USD': 0.0, 'BAL-USD': 0.0, 'BAND-USD': 0.0, 'BCH-USD': 0.0, 'BNT-USD': 0.0, 'BTC-USD': 0.0, 'CGLD-USD': 0.0, 'COMP-USD': 0.0, 'DASH-USD': 0.0, 'EOS-USD': 0.0, 'ETC-USD': 0.0, 'ETH-USD': 0.0, 'FIL-USD': 0.6970804027842948, 'GRT-USD': 0.0, 'KNC-USD': 0.0, 'LINK-USD': 0.0, 'LRC-USD': 0.0, 'LTC-USD': 0.0, 'MATIC-USD': 0.0, 'MKR-USD': 0.0, 'NMR-USD': 0.0, 'NU-USD': 0.0, 'OMG-USD': 0.0, 'OXT-USD': 0.026931716501018693, 'REN-USD': 0.0, 'REP-USD': 0.009164781388799862, 'SKL-USD': 0.0, 'SNX-USD': 0.0, 'SUSHI-USD': 0.0, 'UMA-USD': 0.0, 'UNI-USD': 0.0, 'WBTC-USD': 0.0, 'XLM-USD': 0.0, 'XTZ-USD': 0.0, 'YFI-USD': 0.0, 'ZEC-USD': 0.0, 'ZRX-USD': 0.0, 'USD-USD': 0.26682309932588666}",0.0,{},{}
2021-03-27 06:11:41.785199,129.74148221399994,"{'AAVE-USD': 0.0, 'ADA-USD': 0.0, 'ALGO-USD': 0.0, 'ATOM-USD': 0.0, 'BAL-USD': 0.0, 'BAND-USD': 0.0, 'BCH-USD': 0.0, 'BNT-USD': 0.0, 'BTC-USD': 0.0, 'CGLD-USD': 0.0, 'COMP-USD': 0.0, 'DASH-USD': 0.0, 'EOS-USD': 0.0, 'ETC-USD': 0.0, 'ETH-USD': 0.0, 'FIL-USD': 0.8046835400554291, 'GRT-USD': 0.0, 'KNC-USD': 0.0, 'LINK-USD': 0.0, 'LRC-USD': 0.0, 'LTC-USD': 0.0, 'MATIC-USD': 0.0, 'MKR-USD': 0.0, 'NMR-USD': 0.0, 'NU-USD': 0.0, 'OMG-USD': 0.0, 'OXT-USD': 0.026610610123178106, 'REN-USD': 0.0, 'REP-USD': 0.009042287246764693, 'SKL-USD': 0.0, 'SNX-USD': 0.0, 'SUSHI-USD': 0.0, 'UMA-USD': 0.0, 'UNI-USD': 0.0, 'WBTC-USD': 0.0, 'XLM-USD': 0.0, 'XTZ-USD': 0.0, 'YFI-USD': 0.0, 'ZEC-USD': 0.0, 'ZRX-USD': 0.0, 'USD-USD': 0.15966356257462824}",1.0,{'FIL-USD': 0.11003645316238109},{'USD-USD': 14.061074189226765}
2021-03-27 07:11:42.839582,127.955906418,"{'AAVE-USD': 0.0, 'ADA-USD': 0.0, 'ALGO-USD': 0.0, 'ATOM-USD': 0.0, 'BAL-USD': 0.0, 'BAND-USD': 0.0, 'BCH-USD': 0.0, 'BNT-USD': 0.0, 'BTC-USD': 0.0, 'CGLD-USD': 0.0, 'COMP-USD': 0.0, 'DASH-USD': 0.0, 'EOS-USD': 0.0, 'ETC-USD': 0.0, 'ETH-USD': 0.0, 'FIL-USD': 0.9355613988535655, 'GRT-USD': 0.0, 'KNC-USD': 0.0, 'LINK-USD': 0.0, 'LRC-USD': 0.0, 'LTC-USD': 0.0, 'MATIC-USD': 0.0, 'MKR-USD': 0.0, 'NMR-USD': 0.0, 'NU-USD': 0.0, 'OMG-USD': 0.0, 'OXT-USD': 0.02708745611693331, 'REN-USD': 0.0, 'REP-USD': 0.00900026542141704, 'SKL-USD': 0.0, 'SNX-USD': 0.0, 'SUSHI-USD': 0.0, 'UMA-USD': 0.0, 'UNI-USD': 0.0, 'WBTC-USD': 0.0, 'XLM-USD': 0.0, 'XTZ-USD': 0.0, 'YFI-USD': 0.0, 'ZEC-USD': 0.0, 'ZRX-USD': 0.0, 'USD-USD': 0.028350879608084148}",1.0,{'FIL-USD': 0.13872525945658823},{'USD-USD': 17.371218606731816}
2021-03-27 08:11:40.113149,126.350978238,"{'AAVE-USD': 0.0, 'ADA-USD': 0.0, 'ALGO-USD': 0.0, 'ATOM-USD': 0.0, 'BAL-USD': 0.0, 'BAND-USD': 0.0, 'BCH-USD': 0.0, 'BNT-USD': 0.0, 'BTC-USD': 0.0, 'CGLD-USD': 0.0, 'COMP-USD': 0.0, 'DASH-USD': 0.0, 'EOS-USD': 0.0, 'ETC-USD': 0.0, 'ETH-USD': 0.0, 'FIL-USD': 0.9351839649189436, 'GRT-USD': 0.0, 'KNC-USD': 0.0, 'LINK-USD': 0.0, 'LRC-USD': 0.0, 'LTC-USD': 0.0, 'MATIC-USD': 0.0, 'MKR-USD': 0.0, 'NMR-USD': 0.0, 'NU-USD': 0.0, 'OMG-USD': 0.0, 'OXT-USD': 0.027118903611064258, 'REN-USD': 0.0, 'REP-USD': 0.008986134938039812, 'SKL-USD': 0.0, 'SNX-USD': 0.0, 'SUSHI-USD': 0.0, 'UMA-USD': 0.0, 'UNI-USD': 0.0, 'WBTC-USD': 0.0, 'XLM-USD': 0.0, 'XTZ-USD': 0.0, 'YFI-USD': 0.0, 'ZEC-USD': 0.0, 'ZRX-USD': 0.0, 'USD-USD': 0.028710996531952308}",0.0,{},{}
2021-03-27 09:11:40.780807,130.13935250799994,"{'AAVE-USD': 0.0, 'ADA-USD': 0.0, 'ALGO-USD': 0.0, 'ATOM-USD': 0.0, 'BAL-USD': 0.0, 'BAND-USD': 0.0, 'BCH-USD': 0.0, 'BNT-USD': 0.0, 'BTC-USD': 0.0, 'CGLD-USD': 0.0, 'COMP-USD': 0.0, 'DASH-USD': 0.0, 'EOS-USD': 0.0, 'ETC-USD': 0.0, 'ETH-USD': 0.0, 'FIL-USD': 0.936261722928965, 'GRT-USD': 0.0, 'KNC-USD': 0.0, 'LINK-USD': 0.0, 'LRC-USD': 0.0, 'LTC-USD': 0.0, 'MATIC-USD': 0.0, 'MKR-USD': 0.0, 'NMR-USD': 0.0, 'NU-USD': 0.0, 'OMG-USD': 0.0, 'OXT-USD': 0.027005666866092293, 'REN-USD': 0.0, 'REP-USD': 0.008857394691041983, 'SKL-USD': 0.0, 'SNX-USD': 0.0, 'SUSHI-USD': 0.0, 'UMA-USD': 0.0, 'UNI-USD': 0.0, 'WBTC-USD': 0.0, 'XLM-USD': 0.0, 'XTZ-USD': 0.0, 'YFI-USD': 0.0, 'ZEC-USD': 0.0, 'ZRX-USD': 0.0, 'USD-USD': 0.027875215513900754}",0.0,{},{}
2021-03-27 10:11:40.922801,127.480088368,"{'AAVE-USD': 0.0, 'ADA-USD': 0.0, 'ALGO-USD': 0.0, 'ATOM-USD': 0.0, 'BAL-USD': 0.0, 'BAND-USD': 0.0, 'BCH-USD': 0.0, 'BNT-USD': 0.0, 'BTC-USD': 0.0, 'CGLD-USD': 0.0, 'COMP-USD': 0.0, 'DASH-USD': 0.0, 'EOS-USD': 0.0, 'ETC-USD': 0.0, 'ETH-USD': 0.0, 'FIL-USD': 0.9355467408817508, 'GRT-USD': 0.0, 'KNC-USD': 0.0, 'LINK-USD': 0.0, 'LRC-USD': 0.0, 'LTC-USD': 0.0, 'MATIC-USD': 0.0, 'MKR-USD': 0.0, 'NMR-USD': 0.0, 'NU-USD': 0.0, 'OMG-USD': 0.0, 'OXT-USD': 0.027004217239498984, 'REN-USD': 0.0, 'REP-USD': 0.008992342919396304, 'SKL-USD': 0.0, 'SNX-USD': 0.0, 'SUSHI-USD': 0.0, 'UMA-USD': 0.0, 'UNI-USD': 0.0, 'WBTC-USD': 0.0, 'XLM-USD': 0.0, 'XTZ-USD': 0.0, 'YFI-USD': 0.0, 'ZEC-USD': 0.0, 'ZRX-USD': 0.0, 'USD-USD': 0.028456698959353828}",0.0,{},{}
2021-03-27 11:11:44.424618,131.52239640800002,"{'AAVE-USD': 0.0, 'ADA-USD': 0.0, 'ALGO-USD': 0.0, 'ATOM-USD': 0.0, 'BAL-USD': 0.0, 'BAND-USD': 0.0, 'BCH-USD': 0.0, 'BNT-USD': 0.0, 'BTC-USD': 0.0, 'CGLD-USD': 0.0, 'COMP-USD': 0.0, 'DASH-USD': 0.0, 'EOS-USD': 0.0, 'ETC-USD': 0.0, 'ETH-USD': 0.0, 'FIL-USD': 0.9376494054855801, 'GRT-USD': 0.0, 'KNC-USD': 0.0, 'LINK-USD': 0.0, 'LRC-USD': 0.0, 'LTC-USD': 0.0, 'MATIC-USD': 0.0, 'MKR-USD': 0.0, 'NMR-USD': 0.0, 'NU-USD': 0.0, 'OMG-USD': 0.0, 'OXT-USD': 0.025870118648423885, 'REN-USD': 0.0, 'REP-USD': 0.00889838644947936, 'SKL-USD': 0.0, 'SNX-USD': 0.0, 'SUSHI-USD': 0.0, 'UMA-USD': 0.0, 'UNI-USD': 0.0, 'WBTC-USD': 0.0, 'XLM-USD': 0.0, 'XTZ-USD': 0.0, 'YFI-USD': 0.0, 'ZEC-USD': 0.0, 'ZRX-USD': 0.0, 'USD-USD': 0.027582089416516613}",0.0,{},{}
2021-03-27 12:11:42.339663,139.04272716800006,"{'AAVE-USD': 0.0, 'ADA-USD': 0.0, 'ALGO-USD': 0.0, 'ATOM-USD': 0.0, 'BAL-USD': 0.0, 'BAND-USD': 0.0, 'BCH-USD': 0.0, 'BNT-USD': 0.0, 'BTC-USD': 0.0, 'CGLD-USD': 0.0, 'COMP-USD': 0.0, 'DASH-USD': 0.0, 'EOS-USD': 0.0, 'ETC-USD': 0.0, 'ETH-USD': 0.0, 'FIL-USD': 0.9407215772023715, 'GRT-USD': 0.0, 'KNC-USD': 0.0, 'LINK-USD': 0.0, 'LRC-USD': 0.0, 'LTC-USD': 0.0, 'MATIC-USD': 0.0, 'MKR-USD': 0.0, 'NMR-USD': 0.0, 'NU-USD': 0.0, 'OMG-USD': 0.0, 'OXT-USD': 0.024740596434386523, 'REN-USD': 0.0, 'REP-USD': 0.008447554891388246, 'SKL-USD': 0.0, 'SNX-USD': 0.0, 'SUSHI-USD': 0.0, 'UMA-USD': 0.0, 'UNI-USD': 0.0, 'WBTC-USD': 0.0, 'XLM-USD': 0.0, 'XTZ-USD': 0.0, 'YFI-USD': 0.0, 'ZEC-USD': 0.0, 'ZRX-USD': 0.0, 'USD-USD': 0.026090271471853638}",0.0,{},{}
2021-03-27 13:11:41.695221,134.65667504799998,"{'AAVE-USD': 0.0, 'ADA-USD': 0.0, 'ALGO-USD': 0.0, 'ATOM-USD': 0.0, 'BAL-USD': 0.0, 'BAND-USD': 0.0, 'BCH-USD': 0.0, 'BNT-USD': 0.0, 'BTC-USD': 0.0, 'CGLD-USD': 0.0, 'COMP-USD': 0.0, 'DASH-USD': 0.0, 'EOS-USD': 0.0, 'ETC-USD': 0.0, 'ETH-USD': 0.0, 'FIL-USD': 0.93890520284221, 'GRT-USD': 0.0, 'KNC-USD': 0.0, 'LINK-USD': 0.0, 'LRC-USD': 0.0, 'LTC-USD': 0.0, 'MATIC-USD': 0.0, 'MKR-USD': 0.0, 'NMR-USD': 0.0, 'NU-USD': 0.0, 'OMG-USD': 0.0, 'OXT-USD': 0.025442481769127015, 'REN-USD': 0.0, 'REP-USD': 0.008712228707428082, 'SKL-USD': 0.0, 'SNX-USD': 0.0, 'SUSHI-USD': 0.0, 'UMA-USD': 0.0, 'UNI-USD': 0.0, 'WBTC-USD': 0.0, 'XLM-USD': 0.0, 'XTZ-USD': 0.0, 'YFI-USD': 0.0, 'ZEC-USD': 0.0, 'ZRX-USD': 0.0, 'USD-USD': 0.026940086681234897}",0.0,{},{}
2021-03-27 14:11:42.734230,138.037116938,"{'AAVE-USD': 0.0, 'ADA-USD': 0.0, 'ALGO-USD': 0.0, 'ATOM-USD': 0.0, 'BAL-USD': 0.0, 'BAND-USD': 0.0, 'BCH-USD': 0.0, 'BNT-USD': 0.0, 'BTC-USD': 0.0, 'CGLD-USD': 0.0, 'COMP-USD': 0.0, 'DASH-USD': 0.0, 'EOS-USD': 0.0, 'ETC-USD': 0.0, 'ETH-USD': 0.0, 'FIL-USD': 0.9409483165193807, 'GRT-USD': 0.0, 'KNC-USD': 0.0, 'LINK-USD': 0.0, 'LRC-USD': 0.0, 'LTC-USD': 0.0, 'MATIC-USD': 0.0, 'MKR-USD': 0.0, 'NMR-USD': 0.0, 'NU-USD': 0.0, 'OMG-USD': 0.0, 'OXT-USD': 0.024315923676583216, 'REN-USD': 0.0, 'REP-USD': 0.008455418845963264, 'SKL-USD': 0.0, 'SNX-USD': 0.0, 'SUSHI-USD': 0.0, 'UMA-USD': 0.0, 'UNI-USD': 0.0, 'WBTC-USD': 0.0, 'XLM-USD': 0.0, 'XTZ-USD': 0.0, 'YFI-USD': 0.0, 'ZEC-USD': 0.0, 'ZRX-USD': 0.0, 'USD-USD': 0.026280340958072756}",0.0,{},{}
2021-03-27 15:11:43.037042,136.23071016799994,"{'AAVE-USD': 0.0, 'ADA-USD': 0.0, 'ALGO-USD': 0.0, 'ATOM-USD': 0.0, 'BAL-USD': 0.0, 'BAND-USD': 0.0, 'BCH-USD': 0.0, 'BNT-USD': 0.0, 'BTC-USD': 0.0, 'CGLD-USD': 0.0, 'COMP-USD': 0.0, 'DASH-USD': 0.0, 'EOS-USD': 0.0, 'ETC-USD': 0.0, 'ETH-USD': 0.0, 'FIL-USD': 0.9401333446919391, 'GRT-USD': 0.0, 'KNC-USD': 0.0, 'LINK-USD': 0.0, 'LRC-USD': 0.0, 'LTC-USD': 0.0, 'MATIC-USD': 0.0, 'MKR-USD': 0.0, 'NMR-USD': 0.0, 'NU-USD': 0.0, 'OMG-USD': 0.0, 'OXT-USD': 0.024667712558026196, 'REN-USD': 0.0, 'REP-USD': 0.008570126871982236, 'SKL-USD': 0.0, 'SNX-USD': 0.0, 'SUSHI-USD': 0.0, 'UMA-USD': 0.0, 'UNI-USD': 0.0, 'WBTC-USD': 0.0, 'XLM-USD': 0.0, 'XTZ-USD': 0.0, 'YFI-USD': 0.0, 'ZEC-USD': 0.0, 'ZRX-USD': 0.0, 'USD-USD': 0.026628815878052457}",0.0,{},{}
2021-03-27 16:11:42.451566,138.577502718,"{'AAVE-USD': 0.0, 'ADA-USD': 0.0, 'ALGO-USD': 0.0, 'ATOM-USD': 0.0, 'BAL-USD': 0.0, 'BAND-USD': 0.0, 'BCH-USD': 0.0, 'BNT-USD': 0.0, 'BTC-USD': 0.0, 'CGLD-USD': 0.0, 'COMP-USD': 0.0, 'DASH-USD': 0.0, 'EOS-USD': 0.0, 'ETC-USD': 0.0, 'ETH-USD': 0.0, 'FIL-USD': 0.9409684764297789, 'GRT-USD': 0.0, 'KNC-USD': 0.0, 'LINK-USD': 0.0, 'LRC-USD': 0.0, 'LTC-USD': 0.0, 'MATIC-USD': 0.0, 'MKR-USD': 0.0, 'NMR-USD': 0.0, 'NU-USD': 0.0, 'OMG-USD': 0.0, 'OXT-USD': 0.024415940059803902, 'REN-USD': 0.0, 'REP-USD': 0.008437723274458468, 'SKL-USD': 0.0, 'SNX-USD': 0.0, 'SUSHI-USD': 0.0, 'UMA-USD': 0.0, 'UNI-USD': 0.0, 'WBTC-USD': 0.0, 'XLM-USD': 0.0, 'XTZ-USD': 0.0, 'YFI-USD': 0.0, 'ZEC-USD': 0.0, 'ZRX-USD': 0.0, 'USD-USD': 0.02617786023595877}",0.0,{},{}
2021-03-27 17:11:40.485152,140.06180581799998,"{'AAVE-USD': 0.0, 'ADA-USD': 0.0, 'ALGO-USD': 0.0, 'ATOM-USD': 0.0, 'BAL-USD': 0.0, 'BAND-USD': 0.0, 'BCH-USD': 0.0, 'BNT-USD': 0.0, 'BTC-USD': 0.0, 'CGLD-USD': 0.0, 'COMP-USD': 0.0, 'DASH-USD': 0.0, 'EOS-USD': 0.0, 'ETC-USD': 0.0, 'ETH-USD': 0.0, 'FIL-USD': 0.9413939484068462, 'GRT-USD': 0.0, 'KNC-USD': 0.0, 'LINK-USD': 0.0, 'LRC-USD': 0.0, 'LTC-USD': 0.0, 'MATIC-USD': 0.0, 'MKR-USD': 0.0, 'NMR-USD': 0.0, 'NU-USD': 0.0, 'OMG-USD': 0.0, 'OXT-USD': 0.024332115240813367, 'REN-USD': 0.0, 'REP-USD': 0.0083734956375186, 'SKL-USD': 0.0, 'SNX-USD': 0.0, 'SUSHI-USD': 0.0, 'UMA-USD': 0.0, 'UNI-USD': 0.0, 'WBTC-USD': 0.0, 'XLM-USD': 0.0, 'XTZ-USD': 0.0, 'YFI-USD': 0.0, 'ZEC-USD': 0.0, 'ZRX-USD': 0.0, 'USD-USD': 0.025900440714821858}",0.0,{},{}
2021-03-27 18:11:40.033843,136.291352438,"{'AAVE-USD': 0.0, 'ADA-USD': 0.0, 'ALGO-USD': 0.0, 'ATOM-USD': 0.0, 'BAL-USD': 0.0, 'BAND-USD': 0.0, 'BCH-USD': 0.0, 'BNT-USD': 0.0, 'BTC-USD': 0.0, 'CGLD-USD': 0.0, 'COMP-USD': 0.0, 'DASH-USD': 0.0, 'EOS-USD': 0.0, 'ETC-USD': 0.0, 'ETH-USD': 0.0, 'FIL-USD': 0.9399275721346702, 'GRT-USD': 0.0, 'KNC-USD': 0.0, 'LINK-USD': 0.0, 'LRC-USD': 0.0, 'LTC-USD': 0.0, 'MATIC-USD': 0.0, 'MKR-USD': 0.0, 'NMR-USD': 0.0, 'NU-USD': 0.0, 'OMG-USD': 0.0, 'OXT-USD': 0.024865847607915423, 'REN-USD': 0.0, 'REP-USD': 0.008589612760153336, 'SKL-USD': 0.0, 'SNX-USD': 0.0, 'SUSHI-USD': 0.0, 'UMA-USD': 0.0, 'UNI-USD': 0.0, 'WBTC-USD': 0.0, 'XLM-USD': 0.0, 'XTZ-USD': 0.0, 'YFI-USD': 0.0, 'ZEC-USD': 0.0, 'ZRX-USD': 0.0, 'USD-USD': 0.026616967497261074}",0.0,{},{}
2021-03-27 19:11:39.168012,134.248059338,"{'AAVE-USD': 0.0, 'ADA-USD': 0.0, 'ALGO-USD': 0.0, 'ATOM-USD': 0.0, 'BAL-USD': 0.0, 'BAND-USD': 0.0, 'BCH-USD': 0.0, 'BNT-USD': 0.0, 'BTC-USD': 0.0, 'CGLD-USD': 0.0, 'COMP-USD': 0.0, 'DASH-USD': 0.0, 'EOS-USD': 0.0, 'ETC-USD': 0.0, 'ETH-USD': 0.0, 'FIL-USD': 0.9392712939151419, 'GRT-USD': 0.0, 'KNC-USD': 0.0, 'LINK-USD': 0.0, 'LRC-USD': 0.0, 'LTC-USD': 0.0, 'MATIC-USD': 0.0, 'MKR-USD': 0.0, 'NMR-USD': 0.0, 'NU-USD': 0.0, 'OMG-USD': 0.0, 'OXT-USD': 0.025117681526480945, 'REN-USD': 0.0, 'REP-USD': 0.0085889393536553, 'SKL-USD': 0.0, 'SNX-USD': 0.0, 'SUSHI-USD': 0.0, 'UMA-USD': 0.0, 'UNI-USD': 0.0, 'WBTC-USD': 0.0, 'XLM-USD': 0.0, 'XTZ-USD': 0.0, 'YFI-USD': 0.0, 'ZEC-USD': 0.0, 'ZRX-USD': 0.0, 'USD-USD': 0.027022085204721918}",0.0,{},{}
2021-03-27 20:11:37.733492,133.64402258799998,"{'AAVE-USD': 0.0, 'ADA-USD': 0.0, 'ALGO-USD': 0.0, 'ATOM-USD': 0.0, 'BAL-USD': 0.0, 'BAND-USD': 0.0, 'BCH-USD': 0.0, 'BNT-USD': 0.0, 'BTC-USD': 0.0, 'CGLD-USD': 0.0, 'COMP-USD': 0.0, 'DASH-USD': 0.0, 'EOS-USD': 0.0, 'ETC-USD': 0.0, 'ETH-USD': 0.0, 'FIL-USD': 0.9387946454349356, 'GRT-USD': 0.0, 'KNC-USD': 0.0, 'LINK-USD': 0.0, 'LRC-USD': 0.0, 'LTC-USD': 0.0, 'MATIC-USD': 0.0, 'MKR-USD': 0.0, 'NMR-USD': 0.0, 'NU-USD': 0.0, 'OMG-USD': 0.0, 'OXT-USD': 0.0251825703449171, 'REN-USD': 0.0, 'REP-USD': 0.008878566111841525, 'SKL-USD': 0.0, 'SNX-USD': 0.0, 'SUSHI-USD': 0.0, 'UMA-USD': 0.0, 'UNI-USD': 0.0, 'WBTC-USD': 0.0, 'XLM-USD': 0.0, 'XTZ-USD': 0.0, 'YFI-USD': 0.0, 'ZEC-USD': 0.0, 'ZRX-USD': 0.0, 'USD-USD': 0.027144218108305654}",0.0,{},{}
2021-03-27 21:11:36.828892,132.662058938,"{'AAVE-USD': 0.0, 'ADA-USD': 0.0, 'ALGO-USD': 0.0, 'ATOM-USD': 0.0, 'BAL-USD': 0.0, 'BAND-USD': 0.0, 'BCH-USD': 0.0, 'BNT-USD': 0.0, 'BTC-USD': 0.0, 'CGLD-USD': 0.0, 'COMP-USD': 0.0, 'DASH-USD': 0.0, 'EOS-USD': 0.0, 'ETC-USD': 0.0, 'ETH-USD': 0.0, 'FIL-USD': 0.7153380518867942, 'GRT-USD': 0.0, 'KNC-USD': 0.0, 'LINK-USD': 0.0, 'LRC-USD': 0.0, 'LTC-USD': 0.0, 'MATIC-USD': 0.0, 'MKR-USD': 0.0, 'NMR-USD': 0.0, 'NU-USD': 0.0, 'OMG-USD': 0.0, 'OXT-USD': 0.02561395494086267, 'REN-USD': 0.0, 'REP-USD': 0.00921290631084808, 'SKL-USD': 0.0, 'SNX-USD': 0.0, 'SUSHI-USD': 0.0, 'UMA-USD': 0.0, 'UNI-USD': 0.0, 'WBTC-USD': 0.0, 'XLM-USD': 0.0, 'XTZ-USD': 0.0, 'YFI-USD': 0.0, 'ZEC-USD': 0.0, 'ZRX-USD': 0.0, 'USD-USD': 0.249835086861495}",1.0,{'USD-USD': 30.0693174071004},{'FIL-USD': 0.230039348615834}
2021-03-27 22:11:38.744191,130.62607393555,"{'AAVE-USD': 0.0, 'ADA-USD': 0.0, 'ALGO-USD': 0.0, 'ATOM-USD': 0.0, 'BAL-USD': 0.0, 'BAND-USD': 0.0, 'BCH-USD': 0.0, 'BNT-USD': 0.0, 'BTC-USD': 0.0, 'CGLD-USD': 0.0, 'COMP-USD': 0.0, 'DASH-USD': 0.0, 'EOS-USD': 0.0, 'ETC-USD': 0.0, 'ETH-USD': 0.0, 'FIL-USD': 0.6336069216995374, 'GRT-USD': 0.0, 'KNC-USD': 0.0, 'LINK-USD': 0.0, 'LRC-USD': 0.0, 'LTC-USD': 0.0, 'MATIC-USD': 0.0, 'MKR-USD': 0.0, 'NMR-USD': 0.0, 'NU-USD': 0.0, 'OMG-USD': 0.0, 'OXT-USD': 0.025695482524079178, 'REN-USD': 0.0, 'REP-USD': 0.0881973306928318, 'SKL-USD': 0.0, 'SNX-USD': 0.0, 'SUSHI-USD': 0.0, 'UMA-USD': 0.0, 'UNI-USD': 0.0, 'WBTC-USD': 0.0, 'XLM-USD': 0.0, 'XTZ-USD': 0.0, 'YFI-USD': 0.0, 'ZEC-USD': 0.0, 'ZRX-USD': 0.0, 'USD-USD': 0.25250026508355167}",1.0,{'REP-USD': 0.2887008272151066},{'FIL-USD': 0.08012951453963266}
2021-03-27 23:11:37.047312,130.62607393555,"{'AAVE-USD': 0.0, 'ADA-USD': 0.0, 'ALGO-USD': 0.0, 'ATOM-USD': 0.0, 'BAL-USD': 0.0, 'BAND-USD': 0.0, 'BCH-USD': 0.0, 'BNT-USD': 0.0, 'BTC-USD': 0.0, 'CGLD-USD': 0.0, 'COMP-USD': 0.0, 'DASH-USD': 0.0, 'EOS-USD': 0.0, 'ETC-USD': 0.0, 'ETH-USD': 0.0, 'FIL-USD': 0.6336069216995374, 'GRT-USD': 0.0, 'KNC-USD': 0.0, 'LINK-USD': 0.0, 'LRC-USD': 0.0, 'LTC-USD': 0.0, 'MATIC-USD': 0.0, 'MKR-USD': 0.0, 'NMR-USD': 0.0, 'NU-USD': 0.0, 'OMG-USD': 0.0, 'OXT-USD': 0.025695482524079178, 'REN-USD': 0.0, 'REP-USD': 0.0881973306928318, 'SKL-USD': 0.0, 'SNX-USD': 0.0, 'SUSHI-USD': 0.0, 'UMA-USD': 0.0, 'UNI-USD': 0.0, 'WBTC-USD': 0.0, 'XLM-USD': 0.0, 'XTZ-USD': 0.0, 'YFI-USD': 0.0, 'ZEC-USD': 0.0, 'ZRX-USD': 0.0, 'USD-USD': 0.25250026508355167}",0.0,{},{}
2021-03-28 00:11:34.163524,131.24352593555,"{'AAVE-USD': 0.0, 'ADA-USD': 0.0, 'ALGO-USD': 0.0, 'ATOM-USD': 0.0, 'BAL-USD': 0.0, 'BAND-USD': 0.0, 'BCH-USD': 0.0, 'BNT-USD': 0.0, 'BTC-USD': 0.0, 'CGLD-USD': 0.0, 'COMP-USD': 0.0, 'DASH-USD': 0.0, 'EOS-USD': 0.0, 'ETC-USD': 0.0, 'ETH-USD': 0.0, 'FIL-USD': 0.6330319823988798, 'GRT-USD': 0.0, 'KNC-USD': 0.0, 'LINK-USD': 0.0, 'LRC-USD': 0.0, 'LTC-USD': 0.0, 'MATIC-USD': 0.0, 'MKR-USD': 0.0, 'NMR-USD': 0.0, 'NU-USD': 0.0, 'OMG-USD': 0.0, 'OXT-USD': 0.025898420327941762, 'REN-USD': 0.0, 'REP-USD': 0.08975725207036006, 'SKL-USD': 0.0, 'SNX-USD': 0.0, 'SUSHI-USD': 0.0, 'UMA-USD': 0.0, 'UNI-USD': 0.0, 'WBTC-USD': 0.0, 'XLM-USD': 0.0, 'XTZ-USD': 0.0, 'YFI-USD': 0.0, 'ZEC-USD': 0.0, 'ZRX-USD': 0.0, 'USD-USD': 0.2513123452028185}",0.0,{},{}
2021-03-28 01:11:33.283088,131.24352593555,"{'AAVE-USD': 0.0, 'ADA-USD': 0.0, 'ALGO-USD': 0.0, 'ATOM-USD': 0.0, 'BAL-USD': 0.0, 'BAND-USD': 0.0, 'BCH-USD': 0.0, 'BNT-USD': 0.0, 'BTC-USD': 0.0, 'CGLD-USD': 0.0, 'COMP-USD': 0.0, 'DASH-USD': 0.0, 'EOS-USD': 0.0, 'ETC-USD': 0.0, 'ETH-USD': 0.0, 'FIL-USD': 0.6330319823988798, 'GRT-USD': 0.0, 'KNC-USD': 0.0, 'LINK-USD': 0.0, 'LRC-USD': 0.0, 'LTC-USD': 0.0, 'MATIC-USD': 0.0, 'MKR-USD': 0.0, 'NMR-USD': 0.0, 'NU-USD': 0.0, 'OMG-USD': 0.0, 'OXT-USD': 0.025898420327941762, 'REN-USD': 0.0, 'REP-USD': 0.08975725207036006, 'SKL-USD': 0.0, 'SNX-USD': 0.0, 'SUSHI-USD': 0.0, 'UMA-USD': 0.0, 'UNI-USD': 0.0, 'WBTC-USD': 0.0, 'XLM-USD': 0.0, 'XTZ-USD': 0.0, 'YFI-USD': 0.0, 'ZEC-USD': 0.0, 'ZRX-USD': 0.0, 'USD-USD': 0.2513123452028185}",0.0,{},{}
2021-03-28 02:11:33.071724,131.24352593555,"{'AAVE-USD': 0.0, 'ADA-USD': 0.0, 'ALGO-USD': 0.0, 'ATOM-USD': 0.0, 'BAL-USD': 0.0, 'BAND-USD': 0.0, 'BCH-USD': 0.0, 'BNT-USD': 0.0, 'BTC-USD': 0.0, 'CGLD-USD': 0.0, 'COMP-USD': 0.0, 'DASH-USD': 0.0, 'EOS-USD': 0.0, 'ETC-USD': 0.0, 'ETH-USD': 0.0, 'FIL-USD': 0.6330319823988798, 'GRT-USD': 0.0, 'KNC-USD': 0.0, 'LINK-USD': 0.0, 'LRC-USD': 0.0, 'LTC-USD': 0.0, 'MATIC-USD': 0.0, 'MKR-USD': 0.0, 'NMR-USD': 0.0, 'NU-USD': 0.0, 'OMG-USD': 0.0, 'OXT-USD': 0.025898420327941762, 'REN-USD': 0.0, 'REP-USD': 0.08975725207036006, 'SKL-USD': 0.0, 'SNX-USD': 0.0, 'SUSHI-USD': 0.0, 'UMA-USD': 0.0, 'UNI-USD': 0.0, 'WBTC-USD': 0.0, 'XLM-USD': 0.0, 'XTZ-USD': 0.0, 'YFI-USD': 0.0, 'ZEC-USD': 0.0, 'ZRX-USD': 0.0, 'USD-USD': 0.2513123452028185}",0.0,{},{}
2021-03-28 03:11:31.660612,131.24352593555,"{'AAVE-USD': 0.0, 'ADA-USD': 0.0, 'ALGO-USD': 0.0, 'ATOM-USD': 0.0, 'BAL-USD': 0.0, 'BAND-USD': 0.0, 'BCH-USD': 0.0, 'BNT-USD': 0.0, 'BTC-USD': 0.0, 'CGLD-USD': 0.0, 'COMP-USD': 0.0, 'DASH-USD': 0.0, 'EOS-USD': 0.0, 'ETC-USD': 0.0, 'ETH-USD': 0.0, 'FIL-USD': 0.6330319823988798, 'GRT-USD': 0.0, 'KNC-USD': 0.0, 'LINK-USD': 0.0, 'LRC-USD': 0.0, 'LTC-USD': 0.0, 'MATIC-USD': 0.0, 'MKR-USD': 0.0, 'NMR-USD': 0.0, 'NU-USD': 0.0, 'OMG-USD': 0.0, 'OXT-USD': 0.025898420327941762, 'REN-USD': 0.0, 'REP-USD': 0.08975725207036006, 'SKL-USD': 0.0, 'SNX-USD': 0.0, 'SUSHI-USD': 0.0, 'UMA-USD': 0.0, 'UNI-USD': 0.0, 'WBTC-USD': 0.0, 'XLM-USD': 0.0, 'XTZ-USD': 0.0, 'YFI-USD': 0.0, 'ZEC-USD': 0.0, 'ZRX-USD': 0.0, 'USD-USD': 0.2513123452028185}",0.0,{},{}
2021-03-28 04:11:32.406855,131.24352593555,"{'AAVE-USD': 0.0, 'ADA-USD': 0.0, 'ALGO-USD': 0.0, 'ATOM-USD': 0.0, 'BAL-USD': 0.0, 'BAND-USD': 0.0, 'BCH-USD': 0.0, 'BNT-USD': 0.0, 'BTC-USD': 0.0, 'CGLD-USD': 0.0, 'COMP-USD': 0.0, 'DASH-USD': 0.0, 'EOS-USD': 0.0, 'ETC-USD': 0.0, 'ETH-USD': 0.0, 'FIL-USD': 0.6330319823988798, 'GRT-USD': 0.0, 'KNC-USD': 0.0, 'LINK-USD': 0.0, 'LRC-USD': 0.0, 'LTC-USD': 0.0, 'MATIC-USD': 0.0, 'MKR-USD': 0.0, 'NMR-USD': 0.0, 'NU-USD': 0.0, 'OMG-USD': 0.0, 'OXT-USD': 0.025898420327941762, 'REN-USD': 0.0, 'REP-USD': 0.08975725207036006, 'SKL-USD': 0.0, 'SNX-USD': 0.0, 'SUSHI-USD': 0.0, 'UMA-USD': 0.0, 'UNI-USD': 0.0, 'WBTC-USD': 0.0, 'XLM-USD': 0.0, 'XTZ-USD': 0.0, 'YFI-USD': 0.0, 'ZEC-USD': 0.0, 'ZRX-USD': 0.0, 'USD-USD': 0.2513123452028185}",0.0,{},{}
2021-03-28 05:11:30.366370,131.24352593555,"{'AAVE-USD': 0.0, 'ADA-USD': 0.0, 'ALGO-USD': 0.0, 'ATOM-USD': 0.0, 'BAL-USD': 0.0, 'BAND-USD': 0.0, 'BCH-USD': 0.0, 'BNT-USD': 0.0, 'BTC-USD': 0.0, 'CGLD-USD': 0.0, 'COMP-USD': 0.0, 'DASH-USD': 0.0, 'EOS-USD': 0.0, 'ETC-USD': 0.0, 'ETH-USD': 0.0, 'FIL-USD': 0.6330319823988798, 'GRT-USD': 0.0, 'KNC-USD': 0.0, 'LINK-USD': 0.0, 'LRC-USD': 0.0, 'LTC-USD': 0.0, 'MATIC-USD': 0.0, 'MKR-USD': 0.0, 'NMR-USD': 0.0, 'NU-USD': 0.0, 'OMG-USD': 0.0, 'OXT-USD': 0.025898420327941762, 'REN-USD': 0.0, 'REP-USD': 0.08975725207036006, 'SKL-USD': 0.0, 'SNX-USD': 0.0, 'SUSHI-USD': 0.0, 'UMA-USD': 0.0, 'UNI-USD': 0.0, 'WBTC-USD': 0.0, 'XLM-USD': 0.0, 'XTZ-USD': 0.0, 'YFI-USD': 0.0, 'ZEC-USD': 0.0, 'ZRX-USD': 0.0, 'USD-USD': 0.2513123452028185}",0.0,{},{}
2021-03-28 06:11:30.680453,131.03382465555,"{'AAVE-USD': 0.0, 'ADA-USD': 0.0, 'ALGO-USD': 0.0, 'ATOM-USD': 0.0, 'BAL-USD': 0.0, 'BAND-USD': 0.0, 'BCH-USD': 0.0, 'BNT-USD': 0.0, 'BTC-USD': 0.0, 'CGLD-USD': 0.0, 'COMP-USD': 0.0, 'DASH-USD': 0.0, 'EOS-USD': 0.0, 'ETC-USD': 0.0, 'ETH-USD': 0.0, 'FIL-USD': 0.6326192982453632, 'GRT-USD': 0.0, 'KNC-USD': 0.0, 'LINK-USD': 0.0, 'LRC-USD': 0.0, 'LTC-USD': 0.0, 'MATIC-USD': 0.0, 'MKR-USD': 0.0, 'NMR-USD': 0.0, 'NU-USD': 0.0, 'OMG-USD': 0.0, 'OXT-USD': 0.026061972998018233, 'REN-USD': 0.0, 'REP-USD': 0.08960419335132867, 'SKL-USD': 0.0, 'SNX-USD': 0.0, 'SUSHI-USD': 0.0, 'UMA-USD': 0.0, 'UNI-USD': 0.0, 'WBTC-USD': 0.0, 'XLM-USD': 0.0, 'XTZ-USD': 0.0, 'YFI-USD': 0.0, 'ZEC-USD': 0.0, 'ZRX-USD': 0.0, 'USD-USD': 0.25171453540529}",0.0,{},{}
2021-03-28 07:11:31.411229,130.55156005555,"{'AAVE-USD': 0.0, 'ADA-USD': 0.0, 'ALGO-USD': 0.0, 'ATOM-USD': 0.0, 'BAL-USD': 0.0, 'BAND-USD': 0.0, 'BCH-USD': 0.0, 'BNT-USD': 0.0, 'BTC-USD': 0.0, 'CGLD-USD': 0.0, 'COMP-USD': 0.0, 'DASH-USD': 0.0, 'EOS-USD': 0.0, 'ETC-USD': 0.0, 'ETH-USD': 0.0, 'FIL-USD': 0.6319392886986243, 'GRT-USD': 0.0, 'KNC-USD': 0.0, 'LINK-USD': 0.0, 'LRC-USD': 0.0, 'LTC-USD': 0.0, 'MATIC-USD': 0.0, 'MKR-USD': 0.0, 'NMR-USD': 0.0, 'NU-USD': 0.0, 'OMG-USD': 0.0, 'OXT-USD': 0.025729298053357136, 'REN-USD': 0.0, 'REP-USD': 0.08968703058789865, 'SKL-USD': 0.0, 'SNX-USD': 0.0, 'SUSHI-USD': 0.0, 'UMA-USD': 0.0, 'UNI-USD': 0.0, 'WBTC-USD': 0.0, 'XLM-USD': 0.0, 'XTZ-USD': 0.0, 'YFI-USD': 0.0, 'ZEC-USD': 0.0, 'ZRX-USD': 0.0, 'USD-USD': 0.2526443826601199}",0.0,{},{}
2021-03-28 08:11:31.901295,130.28252249554998,"{'AAVE-USD': 0.0, 'ADA-USD': 0.0, 'ALGO-USD': 0.0, 'ATOM-USD': 0.0, 'BAL-USD': 0.0, 'BAND-USD': 0.0, 'BCH-USD': 0.0, 'BNT-USD': 0.0, 'BTC-USD': 0.0, 'CGLD-USD': 0.0, 'COMP-USD': 0.0, 'DASH-USD': 0.0, 'EOS-USD': 0.0, 'ETC-USD': 0.0, 'ETH-USD': 0.0, 'FIL-USD': 0.633249717764852, 'GRT-USD': 0.0, 'KNC-USD': 0.0, 'LINK-USD': 0.0, 'LRC-USD': 0.0, 'LTC-USD': 0.0, 'MATIC-USD': 0.0, 'MKR-USD': 0.0, 'NMR-USD': 0.0, 'NU-USD': 0.0, 'OMG-USD': 0.0, 'OXT-USD': 0.025552161074511796, 'REN-USD': 0.0, 'REP-USD': 0.08803201980059715, 'SKL-USD': 0.0, 'SNX-USD': 0.0, 'SUSHI-USD': 0.0, 'UMA-USD': 0.0, 'UNI-USD': 0.0, 'WBTC-USD': 0.0, 'XLM-USD': 0.0, 'XTZ-USD': 0.0, 'YFI-USD': 0.0, 'ZEC-USD': 0.0, 'ZRX-USD': 0.0, 'USD-USD': 0.25316610136003925}",0.0,{},{}
2021-03-28 09:11:29.660652,131.29153765555,"{'AAVE-USD': 0.0, 'ADA-USD': 0.0, 'ALGO-USD': 0.0, 'ATOM-USD': 0.0, 'BAL-USD': 0.0, 'BAND-USD': 0.0, 'BCH-USD': 0.0, 'BNT-USD': 0.0, 'BTC-USD': 0.0, 'CGLD-USD': 0.0, 'COMP-USD': 0.0, 'DASH-USD': 0.0, 'EOS-USD': 0.0, 'ETC-USD': 0.0, 'ETH-USD': 0.0, 'FIL-USD': 0.6348842574963657, 'GRT-USD': 0.0, 'KNC-USD': 0.0, 'LINK-USD': 0.0, 'LRC-USD': 0.0, 'LTC-USD': 0.0, 'MATIC-USD': 0.0, 'MKR-USD': 0.0, 'NMR-USD': 0.0, 'NU-USD': 0.0, 'OMG-USD': 0.0, 'OXT-USD': 0.025824208174750368, 'REN-USD': 0.0, 'REP-USD': 0.08807109099701525, 'SKL-USD': 0.0, 'SNX-USD': 0.0, 'SUSHI-USD': 0.0, 'UMA-USD': 0.0, 'UNI-USD': 0.0, 'WBTC-USD': 0.0, 'XLM-USD': 0.0, 'XTZ-USD': 0.0, 'YFI-USD': 0.0, 'ZEC-USD': 0.0, 'ZRX-USD': 0.0, 'USD-USD': 0.25122044333186866}",0.0,{},{}
2021-03-28 10:11:31.853863,130.28135373555,"{'AAVE-USD': 0.0, 'ADA-USD': 0.0, 'ALGO-USD': 0.0, 'ATOM-USD': 0.0, 'BAL-USD': 0.0, 'BAND-USD': 0.0, 'BCH-USD': 0.0, 'BNT-USD': 0.0, 'BTC-USD': 0.0, 'CGLD-USD': 0.0, 'COMP-USD': 0.0, 'DASH-USD': 0.0, 'EOS-USD': 0.0, 'ETC-USD': 0.0, 'ETH-USD': 0.0, 'FIL-USD': 0.6310394453444073, 'GRT-USD': 0.0, 'KNC-USD': 0.0, 'LINK-USD': 0.0, 'LRC-USD': 0.0, 'LTC-USD': 0.0, 'MATIC-USD': 0.0, 'MKR-USD': 0.0, 'NMR-USD': 0.0, 'NU-USD': 0.0, 'OMG-USD': 0.0, 'OXT-USD': 0.025993742795105163, 'REN-USD': 0.0, 'REP-USD': 0.089798439335741, 'SKL-USD': 0.0, 'SNX-USD': 0.0, 'SUSHI-USD': 0.0, 'UMA-USD': 0.0, 'UNI-USD': 0.0, 'WBTC-USD': 0.0, 'XLM-USD': 0.0, 'XTZ-USD': 0.0, 'YFI-USD': 0.0, 'ZEC-USD': 0.0, 'ZRX-USD': 0.0, 'USD-USD': 0.25316837252474655}",0.0,{},{}
2021-03-28 11:11:33.804263,127.46296653555001,"{'AAVE-USD': 0.0, 'ADA-USD': 0.0, 'ALGO-USD': 0.0, 'ATOM-USD': 0.0, 'BAL-USD': 0.0, 'BAND-USD': 0.0, 'BCH-USD': 0.0, 'BNT-USD': 0.0, 'BTC-USD': 0.0, 'CGLD-USD': 0.0, 'COMP-USD': 0.0, 'DASH-USD': 0.0, 'EOS-USD': 0.0, 'ETC-USD': 0.0, 'ETH-USD': 0.0, 'FIL-USD': 0.6230333920390214, 'GRT-USD': 0.0, 'KNC-USD': 0.0, 'LINK-USD': 0.0, 'LRC-USD': 0.0, 'LTC-USD': 0.0, 'MATIC-USD': 0.0, 'MKR-USD': 0.0, 'NMR-USD': 0.0, 'NU-USD': 0.0, 'OMG-USD': 0.0, 'OXT-USD': 0.026670491770265398, 'REN-USD': 0.0, 'REP-USD': 0.09152983142555461, 'SKL-USD': 0.0, 'SNX-USD': 0.0, 'SUSHI-USD': 0.0, 'UMA-USD': 0.0, 'UNI-USD': 0.0, 'WBTC-USD': 0.0, 'XLM-USD': 0.0, 'XTZ-USD': 0.0, 'YFI-USD': 0.0, 'ZEC-USD': 0.0, 'ZRX-USD': 0.0, 'USD-USD': 0.2587662847651585}",0.0,{},{}
2021-03-28 12:11:35.223445,127.99708453555,"{'AAVE-USD': 0.0, 'ADA-USD': 0.0, 'ALGO-USD': 0.0, 'ATOM-USD': 0.0, 'BAL-USD': 0.0, 'BAND-USD': 0.0, 'BCH-USD': 0.0, 'BNT-USD': 0.0, 'BTC-USD': 0.0, 'CGLD-USD': 0.0, 'COMP-USD': 0.0, 'DASH-USD': 0.0, 'EOS-USD': 0.0, 'ETC-USD': 0.0, 'ETH-USD': 0.0, 'FIL-USD': 0.6253220555017391, 'GRT-USD': 0.0, 'KNC-USD': 0.0, 'LINK-USD': 0.0, 'LRC-USD': 0.0, 'LTC-USD': 0.0, 'MATIC-USD': 0.0, 'MKR-USD': 0.0, 'NMR-USD': 0.0, 'NU-USD': 0.0, 'OMG-USD': 0.0, 'OXT-USD': 0.026223253538776997, 'REN-USD': 0.0, 'REP-USD': 0.09076820993350977, 'SKL-USD': 0.0, 'SNX-USD': 0.0, 'SUSHI-USD': 0.0, 'UMA-USD': 0.0, 'UNI-USD': 0.0, 'WBTC-USD': 0.0, 'XLM-USD': 0.0, 'XTZ-USD': 0.0, 'YFI-USD': 0.0, 'ZEC-USD': 0.0, 'ZRX-USD': 0.0, 'USD-USD': 0.257686481025974}",0.0,{},{}
2021-03-28 13:11:30.076540,127.21744769555,"{'AAVE-USD': 0.0, 'ADA-USD': 0.0, 'ALGO-USD': 0.0, 'ATOM-USD': 0.0, 'BAL-USD': 0.0, 'BAND-USD': 0.0, 'BCH-USD': 0.0, 'BNT-USD': 0.0, 'BTC-USD': 0.0, 'CGLD-USD': 0.0, 'COMP-USD': 0.0, 'DASH-USD': 0.0, 'EOS-USD': 0.0, 'ETC-USD': 0.0, 'ETH-USD': 0.0, 'FIL-USD': 0.623372039264501, 'GRT-USD': 0.0, 'KNC-USD': 0.0, 'LINK-USD': 0.0, 'LRC-USD': 0.0, 'LTC-USD': 0.0, 'MATIC-USD': 0.0, 'MKR-USD': 0.0, 'NMR-USD': 0.0, 'NU-USD': 0.0, 'OMG-USD': 0.0, 'OXT-USD': 0.026572612964929403, 'REN-USD': 0.0, 'REP-USD': 0.09078966611278755, 'SKL-USD': 0.0, 'SNX-USD': 0.0, 'SUSHI-USD': 0.0, 'UMA-USD': 0.0, 'UNI-USD': 0.0, 'WBTC-USD': 0.0, 'XLM-USD': 0.0, 'XTZ-USD': 0.0, 'YFI-USD': 0.0, 'ZEC-USD': 0.0, 'ZRX-USD': 0.0, 'USD-USD': 0.259265681657782}",0.0,{},{}
2021-03-28 14:11:30.768292,126.31016693555,"{'AAVE-USD': 0.0, 'ADA-USD': 0.0, 'ALGO-USD': 0.0, 'ATOM-USD': 0.0, 'BAL-USD': 0.0, 'BAND-USD': 0.0, 'BCH-USD': 0.0, 'BNT-USD': 0.0, 'BTC-USD': 0.0, 'CGLD-USD': 0.0, 'COMP-USD': 0.0, 'DASH-USD': 0.0, 'EOS-USD': 0.0, 'ETC-USD': 0.0, 'ETH-USD': 0.0, 'FIL-USD': 0.6226693251077013, 'GRT-USD': 0.0, 'KNC-USD': 0.0, 'LINK-USD': 0.0, 'LRC-USD': 0.0, 'LTC-USD': 0.0, 'MATIC-USD': 0.0, 'MKR-USD': 0.0, 'NMR-USD': 0.0, 'NU-USD': 0.0, 'OMG-USD': 0.0, 'OXT-USD': 0.02678723401360428, 'REN-USD': 0.0, 'REP-USD': 0.08941546443971392, 'SKL-USD': 0.0, 'SNX-USD': 0.0, 'SUSHI-USD': 0.0, 'UMA-USD': 0.0, 'UNI-USD': 0.0, 'WBTC-USD': 0.0, 'XLM-USD': 0.0, 'XTZ-USD': 0.0, 'YFI-USD': 0.0, 'ZEC-USD': 0.0, 'ZRX-USD': 0.0, 'USD-USD': 0.26112797643898056}",0.0,{},{}
2021-03-28 15:11:32.570514,126.77212581555,"{'AAVE-USD': 0.0, 'ADA-USD': 0.0, 'ALGO-USD': 0.0, 'ATOM-USD': 0.0, 'BAL-USD': 0.0, 'BAND-USD': 0.0, 'BCH-USD': 0.0, 'BNT-USD': 0.0, 'BTC-USD': 0.0, 'CGLD-USD': 0.0, 'COMP-USD': 0.0, 'DASH-USD': 0.0, 'EOS-USD': 0.0, 'ETC-USD': 0.0, 'ETH-USD': 0.0, 'FIL-USD': 0.6238654269714778, 'GRT-USD': 0.0, 'KNC-USD': 0.0, 'LINK-USD': 0.0, 'LRC-USD': 0.0, 'LTC-USD': 0.0, 'MATIC-USD': 0.0, 'MKR-USD': 0.0, 'NMR-USD': 0.0, 'NU-USD': 0.0, 'OMG-USD': 0.0, 'OXT-USD': 0.026689621067985406, 'REN-USD': 0.0, 'REP-USD': 0.08926852844974438, 'SKL-USD': 0.0, 'SNX-USD': 0.0, 'SUSHI-USD': 0.0, 'UMA-USD': 0.0, 'UNI-USD': 0.0, 'WBTC-USD': 0.0, 'XLM-USD': 0.0, 'XTZ-USD': 0.0, 'YFI-USD': 0.0, 'ZEC-USD': 0.0, 'ZRX-USD': 0.0, 'USD-USD': 0.26017642351079245}",0.0,{},{}
2021-03-28 16:11:48.357363,126.21878953555,"{'AAVE-USD': 0.0, 'ADA-USD': 0.0, 'ALGO-USD': 0.0, 'ATOM-USD': 0.0, 'BAL-USD': 0.0, 'BAND-USD': 0.0, 'BCH-USD': 0.0, 'BNT-USD': 0.0, 'BTC-USD': 0.0, 'CGLD-USD': 0.0, 'COMP-USD': 0.0, 'DASH-USD': 0.0, 'EOS-USD': 0.0, 'ETC-USD': 0.0, 'ETH-USD': 0.0, 'FIL-USD': 0.6215944083182823, 'GRT-USD': 0.0, 'KNC-USD': 0.0, 'LINK-USD': 0.0, 'LRC-USD': 0.0, 'LTC-USD': 0.0, 'MATIC-USD': 0.0, 'MKR-USD': 0.0, 'NMR-USD': 0.0, 'NU-USD': 0.0, 'OMG-USD': 0.0, 'OXT-USD': 0.026838317911818493, 'REN-USD': 0.0, 'REP-USD': 0.09025025102773308, 'SKL-USD': 0.0, 'SNX-USD': 0.0, 'SUSHI-USD': 0.0, 'UMA-USD': 0.0, 'UNI-USD': 0.0, 'WBTC-USD': 0.0, 'XLM-USD': 0.0, 'XTZ-USD': 0.0, 'YFI-USD': 0.0, 'ZEC-USD': 0.0, 'ZRX-USD': 0.0, 'USD-USD': 0.2613170227421661}",0.0,{},{}